report_year,report_month,org_2_code,headcount,terminations,attrition_rate
2018,1,10,6,0,0.0
2018,1,110,1,0,0.0
2018,1,120,2,0,0.0
2018,1,20,4,0,0.0
2018,1,30,5,0,0.0
2018,1,40,1,0,0.0
2018,1,50,4,0,0.0
2018,1,60,4,0,0.0
2018,1,70,2,0,0.0
2018,1,80,1,0,0.0
2018,1,90,4,0,0.0
2018,2,10,8,0,0.0
2018,2,100,1,0,0.0
2018,2,110,3,0,0.0
2018,2,120,4,0,0.0
2018,2,20,6,0,0.0
2018,2,30,7,0,0.0
2018,2,40,4,0,0.0
2018,2,50,9,0,0.0
2018,2,60,10,0,0.0
2018,2,70,2,0,0.0
2018,2,80,5,0,0.0
2018,2,90,6,1,0.16666666666666666
2018,3,10,10,0,0.0
2018,3,100,4,0,0.0
2018,3,110,5,0,0.0
2018,3,120,9,0,0.0
2018,3,20,14,0,0.0
2018,3,30,10,0,0.0
2018,3,40,4,0,0.0
2018,3,50,12,2,0.16666666666666666
2018,3,60,15,0,0.0
2018,3,70,4,0,0.0
2018,3,80,9,0,0.0
2018,3,90,7,0,0.0
2018,4,10,12,0,0.0
2018,4,100,5,0,0.0
2018,4,110,9,0,0.0
2018,4,120,11,0,0.0
2018,4,20,18,0,0.0
2018,4,30,17,1,0.058823529411764705
2018,4,40,9,0,0.0
2018,4,50,13,1,0.07692307692307693
2018,4,60,17,0,0.0
2018,4,70,9,0,0.0
2018,4,80,12,0,0.0
2018,4,90,15,1,0.06666666666666667
2018,5,10,15,1,0.06666666666666667
2018,5,100,8,0,0.0
2018,5,110,14,1,0.07142857142857142
2018,5,120,15,0,0.0
2018,5,20,22,0,0.0
2018,5,30,19,0,0.0
2018,5,40,14,0,0.0
2018,5,50,17,0,0.0
2018,5,60,21,0,0.0
2018,5,70,15,1,0.06666666666666667
2018,5,80,15,0,0.0
2018,5,90,16,0,0.0
2018,6,10,18,0,0.0
2018,6,100,10,0,0.0
2018,6,110,17,0,0.0
2018,6,120,20,0,0.0
2018,6,20,24,0,0.0
2018,6,30,20,0,0.0
2018,6,40,16,1,0.0625
2018,6,50,21,0,0.0
2018,6,60,25,0,0.0
2018,6,70,19,2,0.10526315789473684
2018,6,80,17,1,0.058823529411764705
2018,6,90,20,0,0.0
2018,7,10,18,0,0.0
2018,7,100,17,1,0.058823529411764705
2018,7,110,24,0,0.0
2018,7,120,25,0,0.0
2018,7,20,24,0,0.0
2018,7,30,21,0,0.0
2018,7,40,15,1,0.06666666666666667
2018,7,50,24,0,0.0
2018,7,60,30,0,0.0
2018,7,70,18,0,0.0
2018,7,80,20,1,0.05
2018,7,90,23,0,0.0
2018,8,10,18,0,0.0
2018,8,100,17,1,0.058823529411764705
2018,8,110,27,1,0.037037037037037035
2018,8,120,26,0,0.0
2018,8,20,26,0,0.0
2018,8,30,27,2,0.07407407407407407
2018,8,40,19,0,0.0
2018,8,50,27,1,0.037037037037037035
2018,8,60,34,0,0.0
2018,8,70,21,0,0.0
2018,8,80,23,1,0.043478260869565216
2018,8,90,25,1,0.04
2018,9,10,23,1,0.043478260869565216
2018,9,100,19,0,0.0
2018,9,110,27,0,0.0
2018,9,120,33,0,0.0
2018,9,20,29,0,0.0
2018,9,30,30,0,0.0
2018,9,40,25,1,0.04
2018,9,50,30,1,0.03333333333333333
2018,9,60,37,0,0.0
2018,9,70,26,1,0.038461538461538464
2018,9,80,22,1,0.045454545454545456
2018,9,90,27,1,0.037037037037037035
2018,10,10,25,0,0.0
2018,10,100,24,1,0.041666666666666664
2018,10,110,33,0,0.0
2018,10,120,36,1,0.027777777777777776
2018,10,20,33,1,0.030303030303030304
2018,10,30,35,0,0.0
2018,10,40,29,1,0.034482758620689655
2018,10,50,30,0,0.0
2018,10,60,42,0,0.0
2018,10,70,28,0,0.0
2018,10,80,23,1,0.043478260869565216
2018,10,90,28,0,0.0
2018,11,10,27,1,0.037037037037037035
2018,11,100,27,1,0.037037037037037035
2018,11,110,35,0,0.0
2018,11,120,35,0,0.0
2018,11,20,34,0,0.0
2018,11,30,38,0,0.0
2018,11,40,31,2,0.06451612903225806
2018,11,50,32,0,0.0
2018,11,60,45,1,0.022222222222222223
2018,11,70,30,1,0.03333333333333333
2018,11,80,22,2,0.09090909090909091
2018,11,90,31,0,0.0
2018,12,10,28,0,0.0
2018,12,100,27,0,0.0
2018,12,110,37,0,0.0
2018,12,120,37,1,0.02702702702702703
2018,12,20,36,0,0.0
2018,12,30,39,2,0.05128205128205128
2018,12,40,30,0,0.0
2018,12,50,34,2,0.058823529411764705
2018,12,60,44,1,0.022727272727272728
2018,12,70,29,0,0.0
2018,12,80,21,0,0.0
2018,12,90,34,0,0.0
2019,1,10,29,0,0.0
2019,1,100,29,0,0.0
2019,1,110,38,2,0.05263157894736842
2019,1,120,37,2,0.05405405405405406
2019,1,20,38,1,0.02631578947368421
2019,1,30,39,0,0.0
2019,1,40,34,0,0.0
2019,1,50,36,0,0.0
2019,1,60,45,2,0.044444444444444446
2019,1,70,30,0,0.0
2019,1,80,28,0,0.0
2019,1,90,36,4,0.1111111111111111
2019,2,10,30,0,0.0
2019,2,100,31,0,0.0
2019,2,110,38,0,0.0
2019,2,120,36,1,0.027777777777777776
2019,2,20,39,1,0.02564102564102564
2019,2,30,44,0,0.0
2019,2,40,35,0,0.0
2019,2,50,40,1,0.025
2019,2,60,46,1,0.021739130434782608
2019,2,70,30,2,0.06666666666666667
2019,2,80,29,2,0.06896551724137931
2019,2,90,35,1,0.02857142857142857
2019,3,10,35,0,0.0
2019,3,100,33,0,0.0
2019,3,110,40,3,0.075
2019,3,120,38,0,0.0
2019,3,20,39,1,0.02564102564102564
2019,3,30,44,1,0.022727272727272728
2019,3,40,40,1,0.025
2019,3,50,42,1,0.023809523809523808
2019,3,60,50,0,0.0
2019,3,70,31,1,0.03225806451612903
2019,3,80,33,0,0.0
2019,3,90,36,0,0.0
2019,4,10,37,2,0.05405405405405406
2019,4,100,37,1,0.02702702702702703
2019,4,110,42,1,0.023809523809523808
2019,4,120,39,0,0.0
2019,4,20,43,3,0.06976744186046512
2019,4,30,46,1,0.021739130434782608
2019,4,40,42,2,0.047619047619047616
2019,4,50,43,1,0.023255813953488372
2019,4,60,58,1,0.017241379310344827
2019,4,70,35,0,0.0
2019,4,80,39,0,0.0
2019,4,90,38,1,0.02631578947368421
2019,5,10,42,1,0.023809523809523808
2019,5,100,41,2,0.04878048780487805
2019,5,110,45,3,0.06666666666666667
2019,5,120,47,2,0.0425531914893617
2019,5,20,46,0,0.0
2019,5,30,47,1,0.02127659574468085
2019,5,40,42,1,0.023809523809523808
2019,5,50,46,1,0.021739130434782608
2019,5,60,60,1,0.016666666666666666
2019,5,70,39,2,0.05128205128205128
2019,5,80,41,0,0.0
2019,5,90,42,1,0.023809523809523808
2019,6,10,43,1,0.023255813953488372
2019,6,100,42,1,0.023809523809523808
2019,6,110,46,1,0.021739130434782608
2019,6,120,50,0,0.0
2019,6,20,49,2,0.04081632653061224
2019,6,30,51,0,0.0
2019,6,40,44,2,0.045454545454545456
2019,6,50,46,2,0.043478260869565216
2019,6,60,61,1,0.01639344262295082
2019,6,70,43,2,0.046511627906976744
2019,6,80,46,0,0.0
2019,6,90,43,0,0.0
2019,7,10,46,0,0.0
2019,7,100,46,0,0.0
2019,7,110,50,0,0.0
2019,7,120,55,0,0.0
2019,7,20,47,1,0.02127659574468085
2019,7,30,52,0,0.0
2019,7,40,45,2,0.044444444444444446
2019,7,50,48,1,0.020833333333333332
2019,7,60,62,0,0.0
2019,7,70,43,1,0.023255813953488372
2019,7,80,47,2,0.0425531914893617
2019,7,90,47,1,0.02127659574468085
2019,8,10,50,2,0.04
2019,8,100,48,1,0.020833333333333332
2019,8,110,51,1,0.0196078431372549
2019,8,120,55,2,0.03636363636363636
2019,8,20,47,0,0.0
2019,8,30,55,2,0.03636363636363636
2019,8,40,46,0,0.0
2019,8,50,54,1,0.018518518518518517
2019,8,60,65,1,0.015384615384615385
2019,8,70,44,2,0.045454545454545456
2019,8,80,47,2,0.0425531914893617
2019,8,90,48,0,0.0
2019,9,10,52,0,0.0
2019,9,100,51,0,0.0
2019,9,110,55,2,0.03636363636363636
2019,9,120,59,1,0.01694915254237288
2019,9,20,53,1,0.018867924528301886
2019,9,30,57,2,0.03508771929824561
2019,9,40,47,0,0.0
2019,9,50,59,0,0.0
2019,9,60,68,1,0.014705882352941176
2019,9,70,46,0,0.0
2019,9,80,48,0,0.0
2019,9,90,55,0,0.0
2019,10,10,57,2,0.03508771929824561
2019,10,100,55,1,0.01818181818181818
2019,10,110,55,2,0.03636363636363636
2019,10,120,60,1,0.016666666666666666
2019,10,20,58,0,0.0
2019,10,30,58,3,0.05172413793103448
2019,10,40,50,3,0.06
2019,10,50,65,2,0.03076923076923077
2019,10,60,72,0,0.0
2019,10,70,49,3,0.061224489795918366
2019,10,80,49,1,0.02040816326530612
2019,10,90,57,0,0.0
2019,11,10,59,0,0.0
2019,11,100,55,0,0.0
2019,11,110,55,0,0.0
2019,11,120,59,2,0.03389830508474576
2019,11,20,63,3,0.047619047619047616
2019,11,30,59,0,0.0
2019,11,40,49,1,0.02040816326530612
2019,11,50,63,1,0.015873015873015872
2019,11,60,76,4,0.05263157894736842
2019,11,70,48,0,0.0
2019,11,80,49,2,0.04081632653061224
2019,11,90,58,2,0.034482758620689655
2019,12,10,60,1,0.016666666666666666
2019,12,100,57,2,0.03508771929824561
2019,12,110,56,1,0.017857142857142856
2019,12,120,58,0,0.0
2019,12,20,62,1,0.016129032258064516
2019,12,30,60,0,0.0
2019,12,40,49,2,0.04081632653061224
2019,12,50,63,1,0.015873015873015872
2019,12,60,73,2,0.0273972602739726
2019,12,70,50,1,0.02
2019,12,80,49,1,0.02040816326530612
2019,12,90,59,1,0.01694915254237288
2020,1,10,62,0,0.0
2020,1,100,57,1,0.017543859649122806
2020,1,110,57,0,0.0
2020,1,120,63,1,0.015873015873015872
2020,1,20,65,2,0.03076923076923077
2020,1,30,64,2,0.03125
2020,1,40,48,0,0.0
2020,1,50,64,0,0.0
2020,1,60,77,3,0.03896103896103896
2020,1,70,52,0,0.0
2020,1,80,48,1,0.020833333333333332
2020,1,90,59,1,0.01694915254237288
2020,2,10,65,0,0.0
2020,2,100,59,2,0.03389830508474576
2020,2,110,62,0,0.0
2020,2,120,63,1,0.015873015873015872
2020,2,20,65,3,0.046153846153846156
2020,2,30,65,1,0.015384615384615385
2020,2,40,49,0,0.0
2020,2,50,67,1,0.014925373134328358
2020,2,60,74,0,0.0
2020,2,70,53,1,0.018867924528301886
2020,2,80,49,1,0.02040816326530612
2020,2,90,61,0,0.0
2020,3,10,70,2,0.02857142857142857
2020,3,100,61,0,0.0
2020,3,110,62,2,0.03225806451612903
2020,3,120,66,1,0.015151515151515152
2020,3,20,68,2,0.029411764705882353
2020,3,30,66,2,0.030303030303030304
2020,3,40,50,2,0.04
2020,3,50,68,1,0.014705882352941176
2020,3,60,79,2,0.02531645569620253
2020,3,70,56,0,0.0
2020,3,80,50,1,0.02
2020,3,90,64,1,0.015625
2020,4,10,72,0,0.0
2020,4,100,66,1,0.015151515151515152
2020,4,110,62,2,0.03225806451612903
2020,4,120,68,0,0.0
2020,4,20,70,2,0.02857142857142857
2020,4,30,68,0,0.0
2020,4,40,51,0,0.0
2020,4,50,72,1,0.013888888888888888
2020,4,60,82,1,0.012195121951219513
2020,4,70,59,0,0.0
2020,4,80,52,0,0.0
2020,4,90,67,1,0.014925373134328358
2020,5,10,77,0,0.0
2020,5,100,73,1,0.0136986301369863
2020,5,110,63,2,0.031746031746031744
2020,5,120,71,0,0.0
2020,5,20,70,1,0.014285714285714285
2020,5,30,74,2,0.02702702702702703
2020,5,40,57,2,0.03508771929824561
2020,5,50,76,1,0.013157894736842105
2020,5,60,87,1,0.011494252873563218
2020,5,70,60,0,0.0
2020,5,80,53,0,0.0
2020,5,90,69,2,0.028985507246376812
2020,6,10,81,1,0.012345679012345678
2020,6,100,74,3,0.04054054054054054
2020,6,110,63,2,0.031746031746031744
2020,6,120,74,1,0.013513513513513514
2020,6,20,75,0,0.0
2020,6,30,79,2,0.02531645569620253
2020,6,40,60,0,0.0
2020,6,50,77,0,0.0
2020,6,60,88,1,0.011363636363636364
2020,6,70,63,2,0.031746031746031744
2020,6,80,56,0,0.0
2020,6,90,71,0,0.0
2020,7,10,83,2,0.024096385542168676
2020,7,100,72,5,0.06944444444444445
2020,7,110,67,1,0.014925373134328358
2020,7,120,76,2,0.02631578947368421
2020,7,20,80,4,0.05
2020,7,30,79,1,0.012658227848101266
2020,7,40,61,2,0.03278688524590164
2020,7,50,80,1,0.0125
2020,7,60,90,2,0.022222222222222223
2020,7,70,65,2,0.03076923076923077
2020,7,80,62,0,0.0
2020,7,90,73,4,0.0547945205479452
2020,8,10,87,1,0.011494252873563218
2020,8,100,67,1,0.014925373134328358
2020,8,110,68,3,0.04411764705882353
2020,8,120,74,1,0.013513513513513514
2020,8,20,78,2,0.02564102564102564
2020,8,30,79,3,0.0379746835443038
2020,8,40,60,1,0.016666666666666666
2020,8,50,81,1,0.012345679012345678
2020,8,60,92,1,0.010869565217391304
2020,8,70,65,0,0.0
2020,8,80,65,0,0.0
2020,8,90,75,4,0.05333333333333334
2020,9,10,89,3,0.033707865168539325
2020,9,100,70,2,0.02857142857142857
2020,9,110,72,1,0.013888888888888888
2020,9,120,76,2,0.02631578947368421
2020,9,20,79,0,0.0
2020,9,30,78,1,0.01282051282051282
2020,9,40,62,1,0.016129032258064516
2020,9,50,86,4,0.046511627906976744
2020,9,60,96,3,0.03125
2020,9,70,72,0,0.0
2020,9,80,68,0,0.0
2020,9,90,75,1,0.013333333333333334
2020,10,10,92,1,0.010869565217391304
2020,10,100,71,2,0.028169014084507043
2020,10,110,73,0,0.0
2020,10,120,78,3,0.038461538461538464
2020,10,20,80,0,0.0
2020,10,30,80,2,0.025
2020,10,40,62,1,0.016129032258064516
2020,10,50,85,2,0.023529411764705882
2020,10,60,97,1,0.010309278350515464
2020,10,70,76,2,0.02631578947368421
2020,10,80,71,1,0.014084507042253521
2020,10,90,82,0,0.0
2020,11,10,92,0,0.0
2020,11,100,71,2,0.028169014084507043
2020,11,110,74,2,0.02702702702702703
2020,11,120,78,2,0.02564102564102564
2020,11,20,84,1,0.011904761904761904
2020,11,30,79,0,0.0
2020,11,40,63,3,0.047619047619047616
2020,11,50,85,6,0.07058823529411765
2020,11,60,98,4,0.04081632653061224
2020,11,70,76,1,0.013157894736842105
2020,11,80,70,4,0.05714285714285714
2020,11,90,86,2,0.023255813953488372
2020,12,10,94,3,0.031914893617021274
2020,12,100,72,1,0.013888888888888888
2020,12,110,75,1,0.013333333333333334
2020,12,120,78,1,0.01282051282051282
2020,12,20,83,2,0.024096385542168676
2020,12,30,81,0,0.0
2020,12,40,62,1,0.016129032258064516
2020,12,50,79,1,0.012658227848101266
2020,12,60,97,0,0.0
2020,12,70,76,0,0.0
2020,12,80,66,0,0.0
2020,12,90,85,5,0.058823529411764705
2021,1,10,92,2,0.021739130434782608
2021,1,100,74,1,0.013513513513513514
2021,1,110,79,3,0.0379746835443038
2021,1,120,79,1,0.012658227848101266
2021,1,20,85,0,0.0
2021,1,30,82,1,0.012195121951219513
2021,1,40,65,3,0.046153846153846156
2021,1,50,79,2,0.02531645569620253
2021,1,60,99,2,0.020202020202020204
2021,1,70,78,1,0.01282051282051282
2021,1,80,69,1,0.014492753623188406
2021,1,90,82,2,0.024390243902439025
2021,2,10,94,1,0.010638297872340425
2021,2,100,75,4,0.05333333333333334
2021,2,110,80,0,0.0
2021,2,120,81,1,0.012345679012345678
2021,2,20,86,2,0.023255813953488372
2021,2,30,85,2,0.023529411764705882
2021,2,40,66,1,0.015151515151515152
2021,2,50,77,0,0.0
2021,2,60,99,2,0.020202020202020204
2021,2,70,78,4,0.05128205128205128
2021,2,80,72,3,0.041666666666666664
2021,2,90,81,3,0.037037037037037035
2021,3,10,95,2,0.021052631578947368
2021,3,100,74,3,0.04054054054054054
2021,3,110,83,2,0.024096385542168676
2021,3,120,85,1,0.011764705882352941
2021,3,20,87,0,0.0
2021,3,30,86,1,0.011627906976744186
2021,3,40,72,0,0.0
2021,3,50,81,1,0.012345679012345678
2021,3,60,100,1,0.01
2021,3,70,77,2,0.025974025974025976
2021,3,80,70,0,0.0
2021,3,90,81,1,0.012345679012345678
2021,4,10,98,1,0.01020408163265306
2021,4,100,73,1,0.0136986301369863
2021,4,110,86,1,0.011627906976744186
2021,4,120,85,0,0.0
2021,4,20,92,2,0.021739130434782608
2021,4,30,94,0,0.0
2021,4,40,77,3,0.03896103896103896
2021,4,50,82,1,0.012195121951219513
2021,4,60,102,1,0.00980392156862745
2021,4,70,80,2,0.025
2021,4,80,75,2,0.02666666666666667
2021,4,90,82,1,0.012195121951219513
2021,5,10,101,5,0.04950495049504951
2021,5,100,77,2,0.025974025974025976
2021,5,110,91,2,0.02197802197802198
2021,5,120,88,0,0.0
2021,5,20,96,2,0.020833333333333332
2021,5,30,95,1,0.010526315789473684
2021,5,40,77,0,0.0
2021,5,50,83,1,0.012048192771084338
2021,5,60,107,1,0.009345794392523364
2021,5,70,79,2,0.02531645569620253
2021,5,80,73,3,0.0410958904109589
2021,5,90,86,2,0.023255813953488372
2021,6,10,98,4,0.04081632653061224
2021,6,100,79,4,0.05063291139240506
2021,6,110,90,3,0.03333333333333333
2021,6,120,94,3,0.031914893617021274
2021,6,20,99,0,0.0
2021,6,30,99,3,0.030303030303030304
2021,6,40,81,1,0.012345679012345678
2021,6,50,86,1,0.011627906976744186
2021,6,60,107,2,0.018691588785046728
2021,6,70,77,2,0.025974025974025976
2021,6,80,75,1,0.013333333333333334
2021,6,90,85,3,0.03529411764705882
2021,7,10,99,2,0.020202020202020204
2021,7,100,78,0,0.0
2021,7,110,89,1,0.011235955056179775
2021,7,120,92,1,0.010869565217391304
2021,7,20,100,3,0.03
2021,7,30,100,2,0.02
2021,7,40,86,1,0.011627906976744186
2021,7,50,88,1,0.011363636363636364
2021,7,60,110,1,0.00909090909090909
2021,7,70,79,1,0.012658227848101266
2021,7,80,79,1,0.012658227848101266
2021,7,90,82,2,0.024390243902439025
2021,8,10,101,2,0.019801980198019802
2021,8,100,80,2,0.025
2021,8,110,90,2,0.022222222222222223
2021,8,120,93,0,0.0
2021,8,20,103,2,0.019417475728155338
2021,8,30,101,1,0.009900990099009901
2021,8,40,88,3,0.03409090909090909
2021,8,50,91,3,0.03296703296703297
2021,8,60,113,3,0.02654867256637168
2021,8,70,82,1,0.012195121951219513
2021,8,80,80,2,0.025
2021,8,90,80,1,0.0125
2021,9,10,103,0,0.0
2021,9,100,84,0,0.0
2021,9,110,91,2,0.02197802197802198
2021,9,120,97,0,0.0
2021,9,20,106,0,0.0
2021,9,30,105,1,0.009523809523809525
2021,9,40,89,2,0.02247191011235955
2021,9,50,94,2,0.02127659574468085
2021,9,60,119,2,0.01680672268907563
2021,9,70,84,2,0.023809523809523808
2021,9,80,82,2,0.024390243902439025
2021,9,90,80,2,0.025
2021,10,10,107,2,0.018691588785046728
2021,10,100,87,2,0.022988505747126436
2021,10,110,93,2,0.021505376344086023
2021,10,120,99,0,0.0
2021,10,20,114,1,0.008771929824561403
2021,10,30,108,3,0.027777777777777776
2021,10,40,89,2,0.02247191011235955
2021,10,50,101,1,0.009900990099009901
2021,10,60,120,2,0.016666666666666666
2021,10,70,82,5,0.06097560975609756
2021,10,80,81,3,0.037037037037037035
2021,10,90,82,3,0.036585365853658534
2021,11,10,105,2,0.01904761904761905
2021,11,100,90,2,0.022222222222222223
2021,11,110,93,1,0.010752688172043012
2021,11,120,102,2,0.0196078431372549
2021,11,20,114,2,0.017543859649122806
2021,11,30,105,4,0.0380952380952381
2021,11,40,89,2,0.02247191011235955
2021,11,50,104,1,0.009615384615384616
2021,11,60,120,1,0.008333333333333333
2021,11,70,79,1,0.012658227848101266
2021,11,80,83,2,0.024096385542168676
2021,11,90,83,2,0.024096385542168676
2021,12,10,105,0,0.0
2021,12,100,89,1,0.011235955056179775
2021,12,110,93,0,0.0
2021,12,120,101,3,0.0297029702970297
2021,12,20,116,3,0.02586206896551724
2021,12,30,103,1,0.009708737864077669
2021,12,40,88,4,0.045454545454545456
2021,12,50,104,2,0.019230769230769232
2021,12,60,123,2,0.016260162601626018
2021,12,70,79,0,0.0
2021,12,80,81,0,0.0
2021,12,90,81,3,0.037037037037037035
2022,1,10,108,1,0.009259259259259259
2022,1,100,91,1,0.01098901098901099
2022,1,110,97,0,0.0
2022,1,120,101,2,0.019801980198019802
2022,1,20,115,1,0.008695652173913044
2022,1,30,102,1,0.00980392156862745
2022,1,40,89,5,0.056179775280898875
2022,1,50,104,3,0.028846153846153848
2022,1,60,121,1,0.008264462809917356
2022,1,70,79,0,0.0
2022,1,80,83,0,0.0
2022,1,90,81,1,0.012345679012345678
2022,2,10,107,5,0.04672897196261682
2022,2,100,91,0,0.0
2022,2,110,97,3,0.030927835051546393
2022,2,120,102,1,0.00980392156862745
2022,2,20,115,1,0.008695652173913044
2022,2,30,104,0,0.0
2022,2,40,87,1,0.011494252873563218
2022,2,50,103,1,0.009708737864077669
2022,2,60,122,1,0.00819672131147541
2022,2,70,85,1,0.011764705882352941
2022,2,80,85,2,0.023529411764705882
2022,2,90,82,0,0.0
2022,3,10,105,1,0.009523809523809525
2022,3,100,95,3,0.031578947368421054
2022,3,110,97,1,0.010309278350515464
2022,3,120,106,2,0.018867924528301886
2022,3,20,120,3,0.025
2022,3,30,105,2,0.01904761904761905
2022,3,40,90,1,0.011111111111111112
2022,3,50,105,2,0.01904761904761905
2022,3,60,123,3,0.024390243902439025
2022,3,70,85,0,0.0
2022,3,80,86,2,0.023255813953488372
2022,3,90,84,0,0.0
2022,4,10,110,0,0.0
2022,4,100,95,0,0.0
2022,4,110,100,4,0.04
2022,4,120,105,2,0.01904761904761905
2022,4,20,122,2,0.01639344262295082
2022,4,30,106,1,0.009433962264150943
2022,4,40,94,1,0.010638297872340425
2022,4,50,107,0,0.0
2022,4,60,124,3,0.024193548387096774
2022,4,70,88,3,0.03409090909090909
2022,4,80,91,1,0.01098901098901099
2022,4,90,89,1,0.011235955056179775
2022,5,10,115,1,0.008695652173913044
2022,5,100,96,1,0.010416666666666666
2022,5,110,99,1,0.010101010101010102
2022,5,120,108,1,0.009259259259259259
2022,5,20,124,2,0.016129032258064516
2022,5,30,107,1,0.009345794392523364
2022,5,40,96,1,0.010416666666666666
2022,5,50,112,2,0.017857142857142856
2022,5,60,123,3,0.024390243902439025
2022,5,70,92,5,0.05434782608695652
2022,5,80,93,2,0.021505376344086023
2022,5,90,90,0,0.0
2022,6,10,115,3,0.02608695652173913
2022,6,100,97,1,0.010309278350515464
2022,6,110,100,2,0.02
2022,6,120,110,4,0.03636363636363636
2022,6,20,123,1,0.008130081300813009
2022,6,30,112,3,0.026785714285714284
2022,6,40,95,2,0.021052631578947368
2022,6,50,116,2,0.017241379310344827
2022,6,60,123,1,0.008130081300813009
2022,6,70,93,1,0.010752688172043012
2022,6,80,100,1,0.01
2022,6,90,94,2,0.02127659574468085
2022,7,10,117,1,0.008547008547008548
2022,7,100,99,2,0.020202020202020204
2022,7,110,99,2,0.020202020202020204
2022,7,120,107,1,0.009345794392523364
2022,7,20,125,0,0.0
2022,7,30,109,1,0.009174311926605505
2022,7,40,95,2,0.021052631578947368
2022,7,50,116,2,0.017241379310344827
2022,7,60,126,2,0.015873015873015872
2022,7,70,97,0,0.0
2022,7,80,102,0,0.0
2022,7,90,97,2,0.020618556701030927
2022,8,10,120,4,0.03333333333333333
2022,8,100,100,0,0.0
2022,8,110,103,1,0.009708737864077669
2022,8,120,109,1,0.009174311926605505
2022,8,20,127,1,0.007874015748031496
2022,8,30,110,1,0.00909090909090909
2022,8,40,93,0,0.0
2022,8,50,115,2,0.017391304347826087
2022,8,60,126,2,0.015873015873015872
2022,8,70,99,3,0.030303030303030304
2022,8,80,105,2,0.01904761904761905
2022,8,90,98,2,0.02040816326530612
2022,9,10,119,2,0.01680672268907563
2022,9,100,103,0,0.0
2022,9,110,103,0,0.0
2022,9,120,114,1,0.008771929824561403
2022,9,20,134,1,0.007462686567164179
2022,9,30,113,2,0.017699115044247787
2022,9,40,94,1,0.010638297872340425
2022,9,50,115,2,0.017391304347826087
2022,9,60,125,2,0.016
2022,9,70,107,2,0.018691588785046728
2022,9,80,108,3,0.027777777777777776
2022,9,90,101,0,0.0
2022,10,10,119,4,0.03361344537815126
2022,10,100,106,3,0.02830188679245283
2022,10,110,109,0,0.0
2022,10,120,116,0,0.0
2022,10,20,139,1,0.007194244604316547
2022,10,30,114,2,0.017543859649122806
2022,10,40,98,1,0.01020408163265306
2022,10,50,116,0,0.0
2022,10,60,125,3,0.024
2022,10,70,108,2,0.018518518518518517
2022,10,80,107,2,0.018691588785046728
2022,10,90,104,1,0.009615384615384616
2022,11,10,116,2,0.017241379310344827
2022,11,100,105,0,0.0
2022,11,110,112,2,0.017857142857142856
2022,11,120,119,3,0.025210084033613446
2022,11,20,141,2,0.014184397163120567
2022,11,30,113,2,0.017699115044247787
2022,11,40,98,3,0.030612244897959183
2022,11,50,116,1,0.008620689655172414
2022,11,60,123,2,0.016260162601626018
2022,11,70,107,2,0.018691588785046728
2022,11,80,107,3,0.028037383177570093
2022,11,90,110,2,0.01818181818181818
2022,12,10,115,0,0.0
2022,12,100,109,1,0.009174311926605505
2022,12,110,110,1,0.00909090909090909
2022,12,120,116,0,0.0
2022,12,20,141,3,0.02127659574468085
2022,12,30,113,0,0.0
2022,12,40,95,1,0.010526315789473684
2022,12,50,116,2,0.017241379310344827
2022,12,60,121,0,0.0
2022,12,70,107,3,0.028037383177570093
2022,12,80,107,3,0.028037383177570093
2022,12,90,110,0,0.0
2023,1,10,118,1,0.00847457627118644
2023,1,100,111,2,0.018018018018018018
2023,1,110,111,2,0.018018018018018018
2023,1,120,122,0,0.0
2023,1,20,138,0,0.0
2023,1,30,117,0,0.0
2023,1,40,98,2,0.02040816326530612
2023,1,50,116,1,0.008620689655172414
2023,1,60,125,2,0.016
2023,1,70,106,0,0.0
2023,1,80,105,0,0.0
2023,1,90,111,2,0.018018018018018018
2023,2,10,122,1,0.00819672131147541
2023,2,100,110,4,0.03636363636363636
2023,2,110,110,2,0.01818181818181818
2023,2,120,125,0,0.0
2023,2,20,139,2,0.014388489208633094
2023,2,30,121,1,0.008264462809917356
2023,2,40,98,0,0.0
2023,2,50,117,0,0.0
2023,2,60,124,2,0.016129032258064516
2023,2,70,108,2,0.018518518518518517
2023,2,80,106,0,0.0
2023,2,90,112,1,0.008928571428571428
2023,3,10,125,2,0.016
2023,3,100,108,2,0.018518518518518517
2023,3,110,111,1,0.009009009009009009
2023,3,120,128,2,0.015625
2023,3,20,142,4,0.028169014084507043
2023,3,30,126,5,0.03968253968253968
2023,3,40,103,3,0.02912621359223301
2023,3,50,120,1,0.008333333333333333
2023,3,60,126,1,0.007936507936507936
2023,3,70,111,1,0.009009009009009009
2023,3,80,106,1,0.009433962264150943
2023,3,90,114,3,0.02631578947368421
2023,4,10,128,2,0.015625
2023,4,100,112,1,0.008928571428571428
2023,4,110,117,2,0.017094017094017096
2023,4,120,128,1,0.0078125
2023,4,20,143,1,0.006993006993006993
2023,4,30,123,4,0.032520325203252036
2023,4,40,102,2,0.0196078431372549
2023,4,50,125,1,0.008
2023,4,60,126,1,0.007936507936507936
2023,4,70,111,0,0.0
2023,4,80,110,1,0.00909090909090909
2023,4,90,115,0,0.0
2023,5,10,131,2,0.015267175572519083
2023,5,100,115,0,0.0
2023,5,110,119,2,0.01680672268907563
2023,5,120,129,2,0.015503875968992248
2023,5,20,146,2,0.0136986301369863
2023,5,30,120,2,0.016666666666666666
2023,5,40,105,2,0.01904761904761905
2023,5,50,130,0,0.0
2023,5,60,130,0,0.0
2023,5,70,116,0,0.0
2023,5,80,111,0,0.0
2023,5,90,123,0,0.0
2023,6,10,134,1,0.007462686567164179
2023,6,100,121,1,0.008264462809917356
2023,6,110,118,4,0.03389830508474576
2023,6,120,129,2,0.015503875968992248
2023,6,20,150,1,0.006666666666666667
2023,6,30,120,4,0.03333333333333333
2023,6,40,109,0,0.0
2023,6,50,131,4,0.030534351145038167
2023,6,60,134,1,0.007462686567164179
2023,6,70,121,2,0.01652892561983471
2023,6,80,117,0,0.0
2023,6,90,126,1,0.007936507936507936
2023,7,10,135,0,0.0
2023,7,100,122,4,0.03278688524590164
2023,7,110,117,1,0.008547008547008548
2023,7,120,129,2,0.015503875968992248
2023,7,20,152,3,0.019736842105263157
2023,7,30,124,1,0.008064516129032258
2023,7,40,111,0,0.0
2023,7,50,131,1,0.007633587786259542
2023,7,60,134,1,0.007462686567164179
2023,7,70,120,0,0.0
2023,7,80,119,2,0.01680672268907563
2023,7,90,129,1,0.007751937984496124
2023,8,10,138,0,0.0
2023,8,100,120,0,0.0
2023,8,110,121,2,0.01652892561983471
2023,8,120,130,1,0.007692307692307693
2023,8,20,151,2,0.013245033112582781
2023,8,30,126,0,0.0
2023,8,40,115,2,0.017391304347826087
2023,8,50,133,1,0.007518796992481203
2023,8,60,134,2,0.014925373134328358
2023,8,70,123,1,0.008130081300813009
2023,8,80,117,6,0.05128205128205128
2023,8,90,128,2,0.015625
2023,9,10,145,1,0.006896551724137931
2023,9,100,125,3,0.024
2023,9,110,124,0,0.0
2023,9,120,134,2,0.014925373134328358
2023,9,20,156,2,0.01282051282051282
2023,9,30,128,6,0.046875
2023,9,40,118,2,0.01694915254237288
2023,9,50,134,2,0.014925373134328358
2023,9,60,134,2,0.014925373134328358
2023,9,70,126,3,0.023809523809523808
2023,9,80,114,0,0.0
2023,9,90,128,3,0.0234375
2023,10,10,149,2,0.013422818791946308
2023,10,100,124,0,0.0
2023,10,110,130,1,0.007692307692307693
2023,10,120,138,4,0.028985507246376812
2023,10,20,157,4,0.025477707006369428
2023,10,30,123,2,0.016260162601626018
2023,10,40,119,0,0.0
2023,10,50,136,0,0.0
2023,10,60,134,5,0.03731343283582089
2023,10,70,128,4,0.03125
2023,10,80,115,3,0.02608695652173913
2023,10,90,129,6,0.046511627906976744
2023,11,10,150,0,0.0
2023,11,100,128,1,0.0078125
2023,11,110,129,0,0.0
2023,11,120,136,2,0.014705882352941176
2023,11,20,154,1,0.006493506493506494
2023,11,30,125,2,0.016
2023,11,40,122,2,0.01639344262295082
2023,11,50,141,2,0.014184397163120567
2023,11,60,130,2,0.015384615384615385
2023,11,70,126,2,0.015873015873015872
2023,11,80,114,3,0.02631578947368421
2023,11,90,127,2,0.015748031496062992
2023,12,10,153,5,0.032679738562091505
2023,12,100,127,1,0.007874015748031496
2023,12,110,130,3,0.023076923076923078
2023,12,120,135,3,0.022222222222222223
2023,12,20,154,2,0.012987012987012988
2023,12,30,123,0,0.0
2023,12,40,121,1,0.008264462809917356
2023,12,50,141,2,0.014184397163120567
2023,12,60,129,3,0.023255813953488372
2023,12,70,126,4,0.031746031746031744
2023,12,80,112,0,0.0
2023,12,90,127,3,0.023622047244094488
2024,1,10,153,1,0.006535947712418301
2024,1,100,129,2,0.015503875968992248
2024,1,110,130,6,0.046153846153846156
2024,1,120,132,3,0.022727272727272728
2024,1,20,153,3,0.0196078431372549
2024,1,30,126,0,0.0
2024,1,40,121,4,0.03305785123966942
2024,1,50,141,2,0.014184397163120567
2024,1,60,132,2,0.015151515151515152
2024,1,70,125,0,0.0
2024,1,80,113,1,0.008849557522123894
2024,1,90,129,2,0.015503875968992248
2024,2,10,153,2,0.013071895424836602
2024,2,100,131,2,0.015267175572519083
2024,2,110,126,1,0.007936507936507936
2024,2,120,131,2,0.015267175572519083
2024,2,20,150,1,0.006666666666666667
2024,2,30,128,2,0.015625
2024,2,40,121,2,0.01652892561983471
2024,2,50,144,5,0.034722222222222224
2024,2,60,133,1,0.007518796992481203
2024,2,70,132,2,0.015151515151515152
2024,2,80,113,5,0.04424778761061947
2024,2,90,127,1,0.007874015748031496
2024,3,10,155,3,0.01935483870967742
2024,3,100,134,0,0.0
2024,3,110,129,1,0.007751937984496124
2024,3,120,132,4,0.030303030303030304
2024,3,20,153,2,0.013071895424836602
2024,3,30,127,2,0.015748031496062992
2024,3,40,121,1,0.008264462809917356
2024,3,50,142,3,0.02112676056338028
2024,3,60,135,1,0.007407407407407408
2024,3,70,134,1,0.007462686567164179
2024,3,80,112,1,0.008928571428571428
2024,3,90,131,0,0.0
2024,4,10,160,3,0.01875
2024,4,100,139,1,0.007194244604316547
2024,4,110,129,0,0.0
2024,4,120,129,4,0.031007751937984496
2024,4,20,156,0,0.0
2024,4,30,127,0,0.0
2024,4,40,124,3,0.024193548387096774
2024,4,50,145,1,0.006896551724137931
2024,4,60,136,1,0.007352941176470588
2024,4,70,137,3,0.021897810218978103
2024,4,80,116,0,0.0
2024,4,90,133,2,0.015037593984962405
2024,5,10,159,2,0.012578616352201259
2024,5,100,141,2,0.014184397163120567
2024,5,110,134,2,0.014925373134328358
2024,5,120,130,1,0.007692307692307693
2024,5,20,159,1,0.006289308176100629
2024,5,30,130,0,0.0
2024,5,40,128,1,0.0078125
2024,5,50,149,0,0.0
2024,5,60,139,5,0.03597122302158273
2024,5,70,139,1,0.007194244604316547
2024,5,80,119,3,0.025210084033613446
2024,5,90,135,0,0.0
2024,6,10,162,4,0.024691358024691357
2024,6,100,142,3,0.02112676056338028
2024,6,110,135,2,0.014814814814814815
2024,6,120,129,1,0.007751937984496124
2024,6,20,162,5,0.030864197530864196
2024,6,30,130,4,0.03076923076923077
2024,6,40,131,1,0.007633587786259542
2024,6,50,154,2,0.012987012987012988
2024,6,60,136,1,0.007352941176470588
2024,6,70,142,1,0.007042253521126761
2024,6,80,120,1,0.008333333333333333
2024,6,90,137,3,0.021897810218978103
2024,7,10,158,0,0.0
2024,7,100,139,2,0.014388489208633094
2024,7,110,135,1,0.007407407407407408
2024,7,120,132,2,0.015151515151515152
2024,7,20,160,2,0.0125
2024,7,30,129,2,0.015503875968992248
2024,7,40,136,3,0.022058823529411766
2024,7,50,155,1,0.0064516129032258064
2024,7,60,139,2,0.014388489208633094
2024,7,70,147,1,0.006802721088435374
2024,7,80,124,1,0.008064516129032258
2024,7,90,137,1,0.0072992700729927005
2024,8,10,159,1,0.006289308176100629
2024,8,100,141,2,0.014184397163120567
2024,8,110,136,1,0.007352941176470588
2024,8,120,131,1,0.007633587786259542
2024,8,20,162,4,0.024691358024691357
2024,8,30,131,3,0.022900763358778626
2024,8,40,134,0,0.0
2024,8,50,158,2,0.012658227848101266
2024,8,60,140,1,0.007142857142857143
2024,8,70,149,1,0.006711409395973154
2024,8,80,127,0,0.0
2024,8,90,139,1,0.007194244604316547
2024,9,10,162,2,0.012345679012345678
2024,9,100,142,6,0.04225352112676056
2024,9,110,137,1,0.0072992700729927005
2024,9,120,135,2,0.014814814814814815
2024,9,20,161,1,0.006211180124223602
2024,9,30,135,1,0.007407407407407408
2024,9,40,137,4,0.029197080291970802
2024,9,50,162,0,0.0
2024,9,60,142,4,0.028169014084507043
2024,9,70,148,2,0.013513513513513514
2024,9,80,135,5,0.037037037037037035
2024,9,90,146,1,0.00684931506849315
2024,10,10,161,0,0.0
2024,10,100,138,3,0.021739130434782608
2024,10,110,139,1,0.007194244604316547
2024,10,120,135,5,0.037037037037037035
2024,10,20,161,4,0.024844720496894408
2024,10,30,135,3,0.022222222222222223
2024,10,40,135,3,0.022222222222222223
2024,10,50,164,1,0.006097560975609756
2024,10,60,139,3,0.02158273381294964
2024,10,70,147,6,0.04081632653061224
2024,10,80,131,1,0.007633587786259542
2024,10,90,149,2,0.013422818791946308
2024,11,10,161,1,0.006211180124223602
2024,11,100,135,1,0.007407407407407408
2024,11,110,138,3,0.021739130434782608
2024,11,120,130,2,0.015384615384615385
2024,11,20,157,1,0.006369426751592357
2024,11,30,132,4,0.030303030303030304
2024,11,40,132,1,0.007575757575757576
2024,11,50,163,1,0.006134969325153374
2024,11,60,136,2,0.014705882352941176
2024,11,70,141,0,0.0
2024,11,80,130,2,0.015384615384615385
2024,11,90,147,0,0.0
2024,12,10,160,3,0.01875
2024,12,100,134,4,0.029850746268656716
2024,12,110,135,3,0.022222222222222223
2024,12,120,128,0,0.0
2024,12,20,156,2,0.01282051282051282
2024,12,30,128,1,0.0078125
2024,12,40,131,1,0.007633587786259542
2024,12,50,162,1,0.006172839506172839
2024,12,60,134,1,0.007462686567164179
2024,12,70,141,2,0.014184397163120567
2024,12,80,128,3,0.0234375
2024,12,90,147,1,0.006802721088435374
2025,1,10,157,3,0.01910828025477707
2025,1,100,130,1,0.007692307692307693
2025,1,110,132,3,0.022727272727272728
2025,1,120,128,1,0.0078125
2025,1,20,154,2,0.012987012987012988
2025,1,30,127,1,0.007874015748031496
2025,1,40,130,4,0.03076923076923077
2025,1,50,161,3,0.018633540372670808
2025,1,60,133,2,0.015037593984962405
2025,1,70,139,0,0.0
2025,1,80,125,2,0.016
2025,1,90,146,2,0.0136986301369863
2025,2,10,154,2,0.012987012987012988
2025,2,100,129,1,0.007751937984496124
2025,2,110,129,1,0.007751937984496124
2025,2,120,127,4,0.031496062992125984
2025,2,20,152,1,0.006578947368421052
2025,2,30,126,1,0.007936507936507936
2025,2,40,126,2,0.015873015873015872
2025,2,50,158,1,0.006329113924050633
2025,2,60,131,1,0.007633587786259542
2025,2,70,139,2,0.014388489208633094
2025,2,80,123,0,0.0
2025,2,90,144,1,0.006944444444444444
2025,3,10,152,2,0.013157894736842105
2025,3,100,128,2,0.015625
2025,3,110,128,2,0.015625
2025,3,120,123,2,0.016260162601626018
2025,3,20,151,1,0.006622516556291391
2025,3,30,125,5,0.04
2025,3,40,124,2,0.016129032258064516
2025,3,50,157,3,0.01910828025477707
2025,3,60,130,1,0.007692307692307693
2025,3,70,137,1,0.0072992700729927005
2025,3,80,123,2,0.016260162601626018
2025,3,90,143,2,0.013986013986013986
2025,4,10,150,4,0.02666666666666667
2025,4,100,126,1,0.007936507936507936
2025,4,110,126,2,0.015873015873015872
2025,4,120,121,2,0.01652892561983471
2025,4,20,150,2,0.013333333333333334
2025,4,30,120,2,0.016666666666666666
2025,4,40,122,2,0.01639344262295082
2025,4,50,154,3,0.01948051948051948
2025,4,60,129,3,0.023255813953488372
2025,4,70,136,4,0.029411764705882353
2025,4,80,121,0,0.0
2025,4,90,141,2,0.014184397163120567
2025,5,10,146,1,0.00684931506849315
2025,5,100,125,1,0.008
2025,5,110,124,1,0.008064516129032258
2025,5,120,119,2,0.01680672268907563
2025,5,20,148,1,0.006756756756756757
2025,5,30,118,1,0.00847457627118644
2025,5,40,120,2,0.016666666666666666
2025,5,50,151,3,0.019867549668874173
2025,5,60,126,2,0.015873015873015872
2025,5,70,132,1,0.007575757575757576
2025,5,80,121,1,0.008264462809917356
2025,5,90,139,1,0.007194244604316547
2025,6,10,145,1,0.006896551724137931
2025,6,100,124,2,0.016129032258064516
2025,6,110,123,1,0.008130081300813009
2025,6,120,117,1,0.008547008547008548
2025,6,20,147,2,0.013605442176870748
2025,6,30,117,0,0.0
2025,6,40,118,1,0.00847457627118644
2025,6,50,148,3,0.02027027027027027
2025,6,60,124,1,0.008064516129032258
2025,6,70,131,3,0.022900763358778626
2025,6,80,120,1,0.008333333333333333
2025,6,90,138,3,0.021739130434782608
2025,7,10,144,4,0.027777777777777776
2025,7,100,122,1,0.00819672131147541
2025,7,110,122,1,0.00819672131147541
2025,7,120,116,3,0.02586206896551724
2025,7,20,145,0,0.0
2025,7,30,117,0,0.0
2025,7,40,117,1,0.008547008547008548
2025,7,50,145,3,0.020689655172413793
2025,7,60,123,2,0.016260162601626018
2025,7,70,128,1,0.0078125
2025,7,80,119,2,0.01680672268907563
2025,7,90,135,1,0.007407407407407408
2025,8,10,140,0,0.0
2025,8,100,121,2,0.01652892561983471
2025,8,110,121,1,0.008264462809917356
2025,8,120,113,0,0.0
2025,8,20,145,0,0.0
2025,8,30,117,1,0.008547008547008548
2025,8,40,116,2,0.017241379310344827
2025,8,50,142,1,0.007042253521126761
2025,8,60,121,2,0.01652892561983471
2025,8,70,127,2,0.015748031496062992
2025,8,80,117,2,0.017094017094017096
2025,8,90,134,1,0.007462686567164179
2025,9,10,140,0,0.0
2025,9,100,119,2,0.01680672268907563
2025,9,110,120,1,0.008333333333333333
2025,9,120,113,2,0.017699115044247787
2025,9,20,145,3,0.020689655172413793
2025,9,30,116,0,0.0
2025,9,40,114,0,0.0
2025,9,50,141,4,0.028368794326241134
2025,9,60,119,0,0.0
2025,9,70,125,0,0.0
2025,9,80,116,0,0.0
2025,9,90,133,0,0.0
2025,10,10,140,0,0.0
2025,10,100,117,1,0.008547008547008548
2025,10,110,119,1,0.008403361344537815
2025,10,120,111,4,0.036036036036036036
2025,10,20,142,1,0.007042253521126761
2025,10,30,116,0,0.0
2025,10,40,114,3,0.02631578947368421
2025,10,50,137,2,0.014598540145985401
2025,10,60,119,2,0.01680672268907563
2025,10,70,125,5,0.04
2025,10,80,116,1,0.008620689655172414
2025,10,90,133,2,0.015037593984962405
2025,11,10,140,2,0.014285714285714285
2025,11,100,116,2,0.017241379310344827
2025,11,110,118,2,0.01694915254237288
2025,11,120,107,1,0.009345794392523364
2025,11,20,141,0,0.0
2025,11,30,116,1,0.008620689655172414
2025,11,40,111,0,0.0
2025,11,50,135,0,0.0
2025,11,60,117,2,0.017094017094017096
2025,11,70,120,1,0.008333333333333333
2025,11,80,115,0,0.0
2025,11,90,131,1,0.007633587786259542
2025,12,10,138,3,0.021739130434782608
2025,12,100,114,1,0.008771929824561403
2025,12,110,116,0,0.0
2025,12,120,106,1,0.009433962264150943
2025,12,20,141,1,0.0070921985815602835
2025,12,30,115,1,0.008695652173913044
2025,12,40,111,0,0.0
2025,12,50,135,1,0.007407407407407408
2025,12,60,115,0,0.0
2025,12,70,119,1,0.008403361344537815
2025,12,80,115,0,0.0
2025,12,90,130,2,0.015384615384615385
2026,1,10,135,2,0.014814814814814815
2026,1,100,113,0,0.0
2026,1,110,116,1,0.008620689655172414
2026,1,120,105,1,0.009523809523809525
2026,1,20,140,1,0.007142857142857143
2026,1,30,114,2,0.017543859649122806
2026,1,40,111,0,0.0
2026,1,50,134,2,0.014925373134328358
2026,1,60,115,0,0.0
2026,1,70,118,2,0.01694915254237288
2026,1,80,115,2,0.017391304347826087
2026,1,90,128,3,0.0234375
