primary_key,employee_number,datetime_processed,termination_date,termination_type_code,termination_reason_code,is_termination_cleared
100001_2021-02-26,100001,2021-02-26,2021-02-26,V,102,True
100002_2019-05-18,100002,2019-05-18,2019-05-18,I,205,True
100004_2021-09-15,100004,2021-09-15,2021-09-15,V,102,True
100005_2022-09-23,100005,2022-09-23,2022-09-23,I,210,True
100006_2022-04-14,100006,2022-04-14,2022-04-14,V,102,True
100009_2019-04-07,100009,2019-04-07,2019-04-07,I,207,True
100010_2018-04-10,100010,2018-04-10,2018-04-10,V,100,True
100012_2019-06-09,100012,2019-06-09,2019-06-09,V,101,True
100013_2020-01-17,100013,2020-01-17,2020-01-17,I,207,True
100014_2019-01-27,100014,2019-01-27,2019-01-27,V,100,True
100015_2020-07-13,100015,2020-07-13,2020-07-13,V,103,True
100016_2021-01-24,100016,2021-01-24,2021-01-24,V,100,True
100017_2023-03-26,100017,2023-03-26,2023-03-26,I,200,True
100018_2024-06-04,100018,2024-06-04,2024-06-04,I,205,True
100020_2019-01-27,100020,2019-01-27,2019-01-27,V,100,True
100022_2018-02-23,100022,2018-02-23,2018-02-23,I,201,True
100023_2018-06-17,100023,2018-06-17,2018-06-17,I,205,True
100024_2019-10-09,100024,2019-10-09,2019-10-09,V,202,True
100025_2021-10-16,100025,2021-10-16,2021-10-16,I,205,True
100026_2021-01-17,100026,2021-01-17,2021-01-17,V,202,True
100028_2022-05-18,100028,2022-05-18,2022-05-18,V,100,True
100029_2018-11-14,100029,2018-11-14,2018-11-14,V,100,True
100033_2018-03-01,100033,2018-03-01,2018-03-01,V,103,True
100034_2019-02-21,100034,2019-02-21,2019-02-21,V,103,True
100035_2020-11-02,100035,2020-11-02,2020-11-02,V,101,True
100036_2018-11-23,100036,2018-11-23,2018-11-23,V,100,True
100037_2018-11-14,100037,2018-11-14,2018-11-14,I,201,True
100039_2021-11-20,100039,2021-11-20,2021-11-20,V,100,True
100040_2020-11-26,100040,2020-11-26,2020-11-26,V,202,True
100041_2018-09-26,100041,2018-09-26,2018-09-26,V,100,True
100042_2020-04-06,100042,2020-04-06,2020-04-06,I,201,True
100043_2019-11-11,100043,2019-11-11,2019-11-11,I,207,True
100045_2020-05-29,100045,2020-05-29,2020-05-29,I,206,True
100046_2024-08-24,100046,2024-08-24,2024-08-24,V,202,True
100047_2019-10-02,100047,2019-10-02,2019-10-02,I,200,True
100049_2025-02-04,100049,2025-02-04,2025-02-04,I,207,True
100050_2019-09-23,100050,2019-09-23,2019-09-23,I,201,True
100051_2018-07-03,100051,2018-07-03,2018-07-03,I,210,True
100052_2019-01-15,100052,2019-01-15,2019-01-15,V,102,True
100053_2021-01-13,100053,2021-01-13,2021-01-13,V,102,True
100055_2018-03-13,100055,2018-03-13,2018-03-13,I,201,True
100057_2022-08-24,100057,2022-08-24,2022-08-24,I,201,True
100058_2024-03-17,100058,2024-03-17,2024-03-17,V,101,True
100059_2020-08-06,100059,2020-08-06,2020-08-06,I,200,True
100061_2018-09-30,100061,2018-09-30,2018-09-30,V,101,True
100063_2018-08-18,100063,2018-08-18,2018-08-18,I,206,True
100064_2020-01-28,100064,2020-01-28,2020-01-28,I,205,True
100070_2022-12-13,100070,2022-12-13,2022-12-13,V,101,True
100074_2021-07-24,100074,2021-07-24,2021-07-24,V,102,True
100077_2024-08-24,100077,2024-08-24,2024-08-24,I,200,True
100078_2021-06-09,100078,2021-06-09,2021-06-09,V,101,True
100079_2020-04-05,100079,2020-04-05,2020-04-05,V,102,True
100081_2019-01-07,100081,2019-01-07,2019-01-07,V,101,True
100082_2024-11-30,100082,2024-11-30,2024-11-30,V,102,True
100087_2019-01-03,100087,2019-01-03,2019-01-03,V,101,True
100088_2019-09-27,100088,2019-09-27,2019-09-27,I,200,True
100090_2022-09-25,100090,2022-09-25,2022-09-25,I,205,True
100092_2018-07-29,100092,2018-07-29,2018-07-29,I,201,True
100094_2020-07-22,100094,2020-07-22,2020-07-22,V,101,True
100095_2021-11-28,100095,2021-11-28,2021-11-28,I,205,True
100096_2018-07-17,100096,2018-07-17,2018-07-17,I,200,True
100097_2019-01-21,100097,2019-01-21,2019-01-21,V,100,True
100099_2023-04-29,100099,2023-04-29,2023-04-29,V,100,True
100100_2018-09-02,100100,2018-09-02,2018-09-02,I,200,True
100101_2020-07-20,100101,2020-07-20,2020-07-20,V,100,True
100102_2019-04-05,100102,2019-04-05,2019-04-05,V,102,True
100103_2021-05-05,100103,2021-05-05,2021-05-05,V,101,True
100104_2019-04-03,100104,2019-04-03,2019-04-03,V,101,True
100106_2018-12-21,100106,2018-12-21,2018-12-21,I,205,True
100107_2022-06-03,100107,2022-06-03,2022-06-03,I,207,True
100108_2021-04-21,100108,2021-04-21,2021-04-21,V,101,True
100109_2025-07-09,100109,2025-07-09,2025-07-09,V,102,True
100111_2021-06-29,100111,2021-06-29,2021-06-29,I,201,True
100112_2018-10-18,100112,2018-10-18,2018-10-18,I,205,True
100113_2018-12-30,100113,2018-12-30,2018-12-30,I,200,True
100114_2019-04-04,100114,2019-04-04,2019-04-04,V,103,True
100115_2018-11-07,100115,2018-11-07,2018-11-07,I,200,True
100116_2018-06-29,100116,2018-06-29,2018-06-29,I,200,True
100117_2018-05-17,100117,2018-05-17,2018-05-17,I,207,True
100119_2019-08-01,100119,2019-08-01,2019-08-01,I,201,True
100120_2019-04-04,100120,2019-04-04,2019-04-04,V,100,True
100122_2019-02-06,100122,2019-02-06,2019-02-06,V,101,True
100123_2020-03-26,100123,2020-03-26,2020-03-26,V,100,True
100124_2019-06-20,100124,2019-06-20,2019-06-20,V,100,True
100125_2020-08-27,100125,2020-08-27,2020-08-27,V,101,True
100127_2021-02-01,100127,2021-02-01,2021-02-01,I,210,True
100129_2022-12-12,100129,2022-12-12,2022-12-12,V,101,True
100130_2019-08-28,100130,2019-08-28,2019-08-28,V,101,True
100131_2019-04-02,100131,2019-04-02,2019-04-02,V,100,True
100132_2018-04-23,100132,2018-04-23,2018-04-23,V,100,True
100133_2020-09-20,100133,2020-09-20,2020-09-20,V,100,True
100134_2019-04-24,100134,2019-04-24,2019-04-24,V,101,True
100135_2018-08-16,100135,2018-08-16,2018-08-16,I,207,True
100136_2018-04-29,100136,2018-04-29,2018-04-29,V,100,True
100138_2021-06-26,100138,2021-06-26,2021-06-26,I,200,True
100139_2022-12-23,100139,2022-12-23,2022-12-23,V,202,True
100140_2018-12-30,100140,2018-12-30,2018-12-30,V,102,True
100141_2022-07-10,100141,2022-07-10,2022-07-10,V,100,True
100143_2020-03-13,100143,2020-03-13,2020-03-13,V,102,True
100144_2020-02-09,100144,2020-02-09,2020-02-09,V,100,True
100146_2019-09-09,100146,2019-09-09,2019-09-09,V,101,True
100147_2019-10-29,100147,2019-10-29,2019-10-29,V,100,True
100148_2019-05-08,100148,2019-05-08,2019-05-08,V,202,True
100149_2019-04-19,100149,2019-04-19,2019-04-19,V,100,True
100150_2018-11-30,100150,2018-11-30,2018-11-30,V,102,True
100154_2018-09-03,100154,2018-09-03,2018-09-03,V,100,True
100156_2018-05-28,100156,2018-05-28,2018-05-28,V,202,True
100157_2019-10-19,100157,2019-10-19,2019-10-19,V,100,True
100158_2018-09-05,100158,2018-09-05,2018-09-05,V,101,True
100159_2019-05-04,100159,2019-05-04,2019-05-04,V,100,True
100160_2024-10-19,100160,2024-10-19,2024-10-19,V,103,True
100162_2020-02-11,100162,2020-02-11,2020-02-11,I,200,True
100163_2018-06-11,100163,2018-06-11,2018-06-11,V,102,True
100166_2023-07-15,100166,2023-07-15,2023-07-15,V,100,True
100168_2024-02-14,100168,2024-02-14,2024-02-14,I,200,True
100169_2020-01-14,100169,2020-01-14,2020-01-14,V,100,True
100172_2024-11-08,100172,2024-11-08,2024-11-08,V,102,True
100173_2021-08-02,100173,2021-08-02,2021-08-02,V,202,True
100174_2020-07-18,100174,2020-07-18,2020-07-18,V,100,True
100175_2020-03-04,100175,2020-03-04,2020-03-04,V,102,True
100176_2021-06-14,100176,2021-06-14,2021-06-14,V,100,True
100177_2018-10-13,100177,2018-10-13,2018-10-13,V,103,True
100178_2021-06-08,100178,2021-06-08,2021-06-08,V,100,True
100180_2018-05-26,100180,2018-05-26,2018-05-26,V,100,True
100182_2019-05-30,100182,2019-05-30,2019-05-30,V,100,True
100185_2022-01-22,100185,2022-01-22,2022-01-22,I,200,True
100187_2019-03-24,100187,2019-03-24,2019-03-24,I,207,True
100189_2021-01-25,100189,2021-01-25,2021-01-25,V,100,True
100190_2021-10-09,100190,2021-10-09,2021-10-09,I,207,True
100192_2019-02-13,100192,2019-02-13,2019-02-13,V,100,True
100196_2023-01-05,100196,2023-01-05,2023-01-05,I,205,True
100197_2018-12-05,100197,2018-12-05,2018-12-05,V,100,True
100199_2021-02-20,100199,2021-02-20,2021-02-20,V,100,True
100200_2020-07-27,100200,2020-07-27,2020-07-27,V,100,True
100201_2018-06-25,100201,2018-06-25,2018-06-25,I,207,True
100203_2020-01-28,100203,2020-01-28,2020-01-28,I,205,True
100207_2020-08-09,100207,2020-08-09,2020-08-09,V,100,True
100208_2019-02-28,100208,2019-02-28,2019-02-28,V,101,True
100209_2025-04-11,100209,2025-04-11,2025-04-11,V,101,True
100210_2023-03-14,100210,2023-03-14,2023-03-14,I,201,True
100211_2018-10-08,100211,2018-10-08,2018-10-08,V,100,True
100213_2022-08-19,100213,2022-08-19,2022-08-19,V,100,True
100214_2018-10-02,100214,2018-10-02,2018-10-02,V,100,True
100215_2019-12-09,100215,2019-12-09,2019-12-09,V,100,True
100216_2022-05-16,100216,2022-05-16,2022-05-16,V,100,True
100220_2021-11-12,100220,2021-11-12,2021-11-12,V,100,True
100221_2019-02-12,100221,2019-02-12,2019-02-12,V,100,True
100223_2021-03-28,100223,2021-03-28,2021-03-28,V,100,True
100224_2018-08-08,100224,2018-08-08,2018-08-08,V,100,True
100228_2019-12-18,100228,2019-12-18,2019-12-18,V,101,True
100229_2019-12-23,100229,2019-12-23,2019-12-23,V,100,True
100231_2021-02-20,100231,2021-02-20,2021-02-20,V,202,True
100232_2021-10-11,100232,2021-10-11,2021-10-11,I,200,True
100235_2019-03-09,100235,2019-03-09,2019-03-09,V,202,True
100236_2019-11-07,100236,2019-11-07,2019-11-07,I,206,True
100237_2018-08-01,100237,2018-08-01,2018-08-01,V,102,True
100238_2019-01-13,100238,2019-01-13,2019-01-13,V,100,True
100239_2018-10-05,100239,2018-10-05,2018-10-05,V,100,True
100241_2020-11-03,100241,2020-11-03,2020-11-03,I,205,True
100242_2023-05-24,100242,2023-05-24,2023-05-24,V,202,True
100243_2021-09-26,100243,2021-09-26,2021-09-26,I,200,True
100244_2019-05-16,100244,2019-05-16,2019-05-16,V,100,True
100246_2018-11-05,100246,2018-11-05,2018-11-05,I,205,True
100247_2025-05-25,100247,2025-05-25,2025-05-25,I,210,True
100249_2018-09-14,100249,2018-09-14,2018-09-14,V,102,True
100251_2025-03-27,100251,2025-03-27,2025-03-27,V,101,True
100252_2019-05-11,100252,2019-05-11,2019-05-11,V,101,True
100255_2019-05-22,100255,2019-05-22,2019-05-22,V,101,True
100257_2021-01-28,100257,2021-01-28,2021-01-28,I,200,True
100259_2018-08-02,100259,2018-08-02,2018-08-02,V,202,True
100260_2019-08-04,100260,2019-08-04,2019-08-04,V,202,True
100261_2019-10-10,100261,2019-10-10,2019-10-10,I,200,True
100262_2019-11-02,100262,2019-11-02,2019-11-02,V,100,True
100266_2018-08-06,100266,2018-08-06,2018-08-06,V,100,True
100269_2019-04-11,100269,2019-04-11,2019-04-11,V,100,True
100270_2020-09-27,100270,2020-09-27,2020-09-27,V,202,True
100272_2024-02-14,100272,2024-02-14,2024-02-14,I,201,True
100273_2018-12-12,100273,2018-12-12,2018-12-12,V,102,True
100274_2020-03-14,100274,2020-03-14,2020-03-14,V,100,True
100275_2025-08-24,100275,2025-08-24,2025-08-24,I,207,True
100278_2023-04-29,100278,2023-04-29,2023-04-29,V,100,True
100280_2021-04-18,100280,2021-04-18,2021-04-18,V,202,True
100282_2018-12-14,100282,2018-12-14,2018-12-14,I,201,True
100284_2019-11-12,100284,2019-11-12,2019-11-12,V,101,True
100285_2019-10-11,100285,2019-10-11,2019-10-11,V,100,True
100287_2018-11-29,100287,2018-11-29,2018-11-29,I,200,True
100288_2024-08-24,100288,2024-08-24,2024-08-24,I,201,True
100289_2023-11-03,100289,2023-11-03,2023-11-03,V,100,True
100290_2021-09-12,100290,2021-09-12,2021-09-12,V,100,True
100292_2019-02-08,100292,2019-02-08,2019-02-08,I,201,True
100293_2018-08-18,100293,2018-08-18,2018-08-18,V,100,True
100294_2021-04-29,100294,2021-04-29,2021-04-29,V,100,True
100295_2019-10-22,100295,2019-10-22,2019-10-22,V,100,True
100296_2019-07-30,100296,2019-07-30,2019-07-30,V,100,True
100297_2020-06-06,100297,2020-06-06,2020-06-06,I,200,True
100298_2019-02-02,100298,2019-02-02,2019-02-02,V,100,True
100299_2023-07-18,100299,2023-07-18,2023-07-18,V,100,True
100300_2023-03-27,100300,2023-03-27,2023-03-27,V,100,True
100302_2020-10-24,100302,2020-10-24,2020-10-24,V,102,True
100303_2025-11-04,100303,2025-11-04,2025-11-04,V,103,True
100305_2019-12-07,100305,2019-12-07,2019-12-07,I,207,True
100308_2023-12-09,100308,2023-12-09,2023-12-09,V,101,True
100309_2019-03-25,100309,2019-03-25,2019-03-25,I,205,True
100312_2022-01-30,100312,2022-01-30,2022-01-30,V,202,True
100315_2023-10-18,100315,2023-10-18,2023-10-18,I,210,True
100316_2020-01-30,100316,2020-01-30,2020-01-30,V,100,True
100318_2019-10-21,100318,2019-10-21,2019-10-21,V,100,True
100319_2019-02-20,100319,2019-02-20,2019-02-20,V,101,True
100321_2019-08-06,100321,2019-08-06,2019-08-06,I,201,True
100322_2019-08-31,100322,2019-08-31,2019-08-31,I,206,True
100323_2019-08-13,100323,2019-08-13,2019-08-13,V,100,True
100326_2019-06-12,100326,2019-06-12,2019-06-12,V,101,True
100327_2019-05-12,100327,2019-05-12,2019-05-12,I,205,True
100328_2025-11-25,100328,2025-11-25,2025-11-25,I,207,True
100329_2019-05-24,100329,2019-05-24,2019-05-24,V,101,True
100330_2024-01-15,100330,2024-01-15,2024-01-15,I,205,True
100331_2021-04-10,100331,2021-04-10,2021-04-10,V,101,True
100332_2019-05-23,100332,2019-05-23,2019-05-23,I,201,True
100333_2019-06-27,100333,2019-06-27,2019-06-27,I,200,True
100335_2020-10-12,100335,2020-10-12,2020-10-12,I,205,True
100338_2021-11-29,100338,2021-11-29,2021-11-29,V,100,True
100339_2021-04-06,100339,2021-04-06,2021-04-06,V,100,True
100341_2021-09-11,100341,2021-09-11,2021-09-11,I,200,True
100342_2022-03-07,100342,2022-03-07,2022-03-07,V,100,True
100343_2019-12-18,100343,2019-12-18,2019-12-18,V,100,True
100347_2024-02-14,100347,2024-02-14,2024-02-14,I,200,True
100350_2022-02-05,100350,2022-02-05,2022-02-05,V,101,True
100351_2021-12-13,100351,2021-12-13,2021-12-13,V,202,True
100352_2020-02-10,100352,2020-02-10,2020-02-10,I,205,True
100353_2021-01-06,100353,2021-01-06,2021-01-06,I,200,True
100354_2019-04-06,100354,2019-04-06,2019-04-06,V,100,True
100357_2020-03-16,100357,2020-03-16,2020-03-16,V,202,True
100363_2022-06-17,100363,2022-06-17,2022-06-17,I,200,True
100364_2019-03-29,100364,2019-03-29,2019-03-29,V,101,True
100365_2025-10-28,100365,2025-10-28,2025-10-28,I,205,True
100366_2020-06-18,100366,2020-06-18,2020-06-18,V,100,True
100369_2020-10-13,100369,2020-10-13,2020-10-13,V,100,True
100372_2019-09-26,100372,2019-09-26,2019-09-26,V,101,True
100374_2022-03-07,100374,2022-03-07,2022-03-07,I,201,True
100375_2019-05-12,100375,2019-05-12,2019-05-12,I,200,True
100376_2022-02-17,100376,2022-02-17,2022-02-17,V,100,True
100377_2025-05-11,100377,2025-05-11,2025-05-11,V,100,True
100378_2019-08-16,100378,2019-08-16,2019-08-16,I,206,True
100379_2020-05-28,100379,2020-05-28,2020-05-28,I,206,True
100380_2019-04-23,100380,2019-04-23,2019-04-23,V,102,True
100381_2019-05-20,100381,2019-05-20,2019-05-20,V,101,True
100383_2019-06-05,100383,2019-06-05,2019-06-05,I,200,True
100384_2020-03-10,100384,2020-03-10,2020-03-10,I,200,True
100387_2019-03-10,100387,2019-03-10,2019-03-10,V,102,True
100388_2020-12-27,100388,2020-12-27,2020-12-27,V,202,True
100389_2021-08-11,100389,2021-08-11,2021-08-11,I,201,True
100390_2022-04-12,100390,2022-04-12,2022-04-12,I,200,True
100391_2018-11-12,100391,2018-11-12,2018-11-12,V,202,True
100392_2021-03-25,100392,2021-03-25,2021-03-25,V,100,True
100393_2020-04-28,100393,2020-04-28,2020-04-28,I,200,True
100394_2023-08-09,100394,2023-08-09,2023-08-09,I,207,True
100395_2019-07-30,100395,2019-07-30,2019-07-30,V,202,True
100398_2020-09-14,100398,2020-09-14,2020-09-14,V,103,True
100399_2019-03-11,100399,2019-03-11,2019-03-11,I,205,True
100400_2020-07-05,100400,2020-07-05,2020-07-05,I,200,True
100402_2020-05-27,100402,2020-05-27,2020-05-27,I,207,True
100403_2020-03-14,100403,2020-03-14,2020-03-14,V,100,True
100404_2019-03-13,100404,2019-03-13,2019-03-13,V,101,True
100405_2019-12-02,100405,2019-12-02,2019-12-02,V,101,True
100407_2019-10-06,100407,2019-10-06,2019-10-06,I,206,True
100408_2019-01-14,100408,2019-01-14,2019-01-14,V,202,True
100409_2019-01-23,100409,2019-01-23,2019-01-23,V,100,True
100410_2020-06-11,100410,2020-06-11,2020-06-11,I,200,True
100411_2020-08-08,100411,2020-08-08,2020-08-08,I,201,True
100412_2021-05-03,100412,2021-05-03,2021-05-03,V,100,True
100413_2021-10-18,100413,2021-10-18,2021-10-18,V,100,True
100415_2019-04-10,100415,2019-04-10,2019-04-10,V,101,True
100416_2019-01-08,100416,2019-01-08,2019-01-08,I,201,True
100418_2019-06-05,100418,2019-06-05,2019-06-05,V,100,True
100419_2022-09-29,100419,2022-09-29,2022-09-29,I,205,True
100422_2019-03-10,100422,2019-03-10,2019-03-10,V,102,True
100423_2019-01-09,100423,2019-01-09,2019-01-09,V,202,True
100426_2019-05-27,100426,2019-05-27,2019-05-27,V,102,True
100428_2019-11-10,100428,2019-11-10,2019-11-10,V,202,True
100430_2024-09-19,100430,2024-09-19,2024-09-19,I,205,True
100431_2024-09-15,100431,2024-09-15,2024-09-15,V,101,True
100435_2020-12-20,100435,2020-12-20,2020-12-20,V,103,True
100436_2019-10-02,100436,2019-10-02,2019-10-02,I,205,True
100437_2019-08-23,100437,2019-08-23,2019-08-23,I,200,True
100438_2022-03-12,100438,2022-03-12,2022-03-12,V,103,True
100439_2021-04-26,100439,2021-04-26,2021-04-26,I,207,True
100440_2020-06-20,100440,2020-06-20,2020-06-20,V,202,True
100441_2020-12-06,100441,2020-12-06,2020-12-06,V,101,True
100442_2020-01-14,100442,2020-01-14,2020-01-14,V,102,True
100444_2022-03-17,100444,2022-03-17,2022-03-17,V,100,True
100448_2019-11-30,100448,2019-11-30,2019-11-30,I,206,True
100451_2023-04-23,100451,2023-04-23,2023-04-23,V,100,True
100452_2026-01-28,100452,2026-01-28,2026-01-28,I,207,True
100453_2020-05-15,100453,2020-05-15,2020-05-15,V,101,True
100454_2023-03-28,100454,2023-03-28,2023-03-28,V,101,True
100456_2022-07-29,100456,2022-07-29,2022-07-29,V,101,True
100457_2023-11-04,100457,2023-11-04,2023-11-04,V,100,True
100459_2019-05-06,100459,2019-05-06,2019-05-06,V,101,True
100461_2022-10-19,100461,2022-10-19,2022-10-19,I,210,True
100462_2022-03-11,100462,2022-03-11,2022-03-11,V,102,True
100464_2020-10-02,100464,2020-10-02,2020-10-02,I,200,True
100465_2021-01-09,100465,2021-01-09,2021-01-09,V,202,True
100467_2019-06-14,100467,2019-06-14,2019-06-14,V,101,True
100470_2020-08-19,100470,2020-08-19,2020-08-19,V,101,True
100471_2024-10-26,100471,2024-10-26,2024-10-26,V,100,True
100472_2019-02-10,100472,2019-02-10,2019-02-10,I,207,True
100473_2021-12-14,100473,2021-12-14,2021-12-14,V,101,True
100474_2019-12-02,100474,2019-12-02,2019-12-02,V,102,True
100475_2020-09-01,100475,2020-09-01,2020-09-01,V,101,True
100476_2019-06-15,100476,2019-06-15,2019-06-15,I,205,True
100477_2020-08-30,100477,2020-08-30,2020-08-30,I,201,True
100479_2021-11-19,100479,2021-11-19,2021-11-19,I,205,True
100482_2021-06-10,100482,2021-06-10,2021-06-10,V,100,True
100483_2021-11-13,100483,2021-11-13,2021-11-13,V,202,True
100484_2019-08-17,100484,2019-08-17,2019-08-17,V,100,True
100485_2022-08-15,100485,2022-08-15,2022-08-15,V,202,True
100486_2025-03-06,100486,2025-03-06,2025-03-06,I,205,True
100487_2020-02-18,100487,2020-02-18,2020-02-18,V,202,True
100488_2019-12-22,100488,2019-12-22,2019-12-22,V,100,True
100489_2021-08-02,100489,2021-08-02,2021-08-02,V,101,True
100491_2021-02-09,100491,2021-02-09,2021-02-09,V,102,True
100492_2019-07-19,100492,2019-07-19,2019-07-19,I,210,True
100493_2019-06-28,100493,2019-06-28,2019-06-28,V,101,True
100494_2022-10-17,100494,2022-10-17,2022-10-17,V,101,True
100496_2020-03-24,100496,2020-03-24,2020-03-24,V,202,True
100500_2019-04-28,100500,2019-04-28,2019-04-28,V,100,True
100501_2019-07-29,100501,2019-07-29,2019-07-29,V,100,True
100502_2021-09-05,100502,2021-09-05,2021-09-05,V,100,True
100503_2022-12-08,100503,2022-12-08,2022-12-08,V,101,True
100506_2025-06-26,100506,2025-06-26,2025-06-26,V,100,True
100507_2020-05-21,100507,2020-05-21,2020-05-21,V,101,True
100508_2023-01-16,100508,2023-01-16,2023-01-16,I,200,True
100509_2024-05-08,100509,2024-05-08,2024-05-08,I,205,True
100510_2019-12-11,100510,2019-12-11,2019-12-11,V,202,True
100512_2022-01-06,100512,2022-01-06,2022-01-06,V,101,True
100516_2022-07-27,100516,2022-07-27,2022-07-27,I,205,True
100517_2021-07-07,100517,2021-07-07,2021-07-07,V,101,True
100518_2021-03-02,100518,2021-03-02,2021-03-02,V,100,True
100519_2025-10-28,100519,2025-10-28,2025-10-28,V,100,True
100520_2022-01-31,100520,2022-01-31,2022-01-31,I,206,True
100521_2020-02-19,100521,2020-02-19,2020-02-19,V,202,True
100522_2019-08-02,100522,2019-08-02,2019-08-02,I,205,True
100523_2021-10-21,100523,2021-10-21,2021-10-21,V,101,True
100524_2022-04-21,100524,2022-04-21,2022-04-21,V,101,True
100525_2023-01-19,100525,2023-01-19,2023-01-19,I,205,True
100526_2020-02-20,100526,2020-02-20,2020-02-20,V,102,True
100527_2022-10-08,100527,2022-10-08,2022-10-08,V,202,True
100530_2023-07-15,100530,2023-07-15,2023-07-15,I,200,True
100531_2019-11-17,100531,2019-11-17,2019-11-17,I,200,True
100532_2024-01-02,100532,2024-01-02,2024-01-02,I,201,True
100533_2025-01-11,100533,2025-01-11,2025-01-11,V,100,True
100534_2019-07-25,100534,2019-07-25,2019-07-25,V,100,True
100536_2023-10-03,100536,2023-10-03,2023-10-03,I,205,True
100537_2023-12-18,100537,2023-12-18,2023-12-18,V,101,True
100538_2019-11-05,100538,2019-11-05,2019-11-05,I,201,True
100540_2023-06-25,100540,2023-06-25,2023-06-25,V,100,True
100541_2019-09-18,100541,2019-09-18,2019-09-18,V,101,True
100542_2019-08-15,100542,2019-08-15,2019-08-15,V,102,True
100543_2020-12-16,100543,2020-12-16,2020-12-16,I,200,True
100547_2020-11-18,100547,2020-11-18,2020-11-18,V,100,True
100549_2020-04-27,100549,2020-04-27,2020-04-27,I,205,True
100550_2024-01-27,100550,2024-01-27,2024-01-27,I,201,True
100552_2021-03-07,100552,2021-03-07,2021-03-07,V,100,True
100553_2020-04-02,100553,2020-04-02,2020-04-02,V,101,True
100554_2021-10-12,100554,2021-10-12,2021-10-12,V,100,True
100555_2019-06-03,100555,2019-06-03,2019-06-03,I,201,True
100557_2019-05-16,100557,2019-05-16,2019-05-16,I,207,True
100558_2020-08-12,100558,2020-08-12,2020-08-12,V,100,True
100559_2019-09-07,100559,2019-09-07,2019-09-07,V,100,True
100560_2023-02-13,100560,2023-02-13,2023-02-13,V,100,True
100561_2023-03-10,100561,2023-03-10,2023-03-10,I,205,True
100562_2025-06-11,100562,2025-06-11,2025-06-11,V,100,True
100564_2019-12-23,100564,2019-12-23,2019-12-23,V,102,True
100565_2023-02-23,100565,2023-02-23,2023-02-23,V,101,True
100566_2019-06-20,100566,2019-06-20,2019-06-20,V,100,True
100567_2022-08-22,100567,2022-08-22,2022-08-22,V,101,True
100568_2025-03-18,100568,2025-03-18,2025-03-18,I,200,True
100570_2020-07-07,100570,2020-07-07,2020-07-07,I,207,True
100572_2020-06-19,100572,2020-06-19,2020-06-19,V,100,True
100574_2020-07-08,100574,2020-07-08,2020-07-08,V,100,True
100577_2021-01-22,100577,2021-01-22,2021-01-22,V,100,True
100578_2022-12-09,100578,2022-12-09,2022-12-09,I,210,True
100579_2022-02-18,100579,2022-02-18,2022-02-18,I,210,True
100580_2023-06-11,100580,2023-06-11,2023-06-11,V,102,True
100581_2020-07-22,100581,2020-07-22,2020-07-22,V,100,True
100583_2021-06-13,100583,2021-06-13,2021-06-13,V,101,True
100585_2019-11-10,100585,2019-11-10,2019-11-10,I,205,True
100587_2019-10-22,100587,2019-10-22,2019-10-22,I,206,True
100588_2020-08-17,100588,2020-08-17,2020-08-17,V,202,True
100590_2020-10-07,100590,2020-10-07,2020-10-07,V,101,True
100591_2020-04-01,100591,2020-04-01,2020-04-01,V,202,True
100592_2021-03-11,100592,2021-03-11,2021-03-11,I,201,True
100594_2019-10-31,100594,2019-10-31,2019-10-31,V,202,True
100595_2019-12-05,100595,2019-12-05,2019-12-05,I,201,True
100596_2023-12-21,100596,2023-12-21,2023-12-21,I,205,True
100600_2021-02-17,100600,2021-02-17,2021-02-17,V,100,True
100601_2026-01-17,100601,2026-01-17,2026-01-17,I,201,True
100603_2025-10-03,100603,2025-10-03,2025-10-03,I,207,True
100604_2019-08-25,100604,2019-08-25,2019-08-25,I,207,True
100605_2021-02-27,100605,2021-02-27,2021-02-27,I,205,True
100606_2023-03-27,100606,2023-03-27,2023-03-27,V,100,True
100607_2022-03-16,100607,2022-03-16,2022-03-16,V,101,True
100608_2019-06-17,100608,2019-06-17,2019-06-17,I,206,True
100609_2020-07-02,100609,2020-07-02,2020-07-02,V,202,True
100610_2020-03-30,100610,2020-03-30,2020-03-30,I,205,True
100611_2019-12-25,100611,2019-12-25,2019-12-25,V,100,True
100612_2019-07-07,100612,2019-07-07,2019-07-07,V,100,True
100614_2020-05-23,100614,2020-05-23,2020-05-23,V,101,True
100615_2020-10-25,100615,2020-10-25,2020-10-25,V,100,True
100616_2019-10-14,100616,2019-10-14,2019-10-14,I,200,True
100618_2019-11-14,100618,2019-11-14,2019-11-14,V,101,True
100621_2020-04-27,100621,2020-04-27,2020-04-27,V,101,True
100622_2025-03-12,100622,2025-03-12,2025-03-12,V,102,True
100626_2019-10-16,100626,2019-10-16,2019-10-16,I,207,True
100627_2022-12-12,100627,2022-12-12,2022-12-12,I,201,True
100630_2020-01-25,100630,2020-01-25,2020-01-25,V,103,True
100631_2020-09-17,100631,2020-09-17,2020-09-17,V,100,True
100632_2021-08-13,100632,2021-08-13,2021-08-13,V,100,True
100634_2020-10-13,100634,2020-10-13,2020-10-13,I,205,True
100635_2023-11-12,100635,2023-11-12,2023-11-12,V,103,True
100636_2021-03-07,100636,2021-03-07,2021-03-07,V,100,True
100637_2019-08-14,100637,2019-08-14,2019-08-14,V,101,True
100638_2024-01-03,100638,2024-01-03,2024-01-03,V,202,True
100640_2019-11-14,100640,2019-11-14,2019-11-14,V,202,True
100642_2020-04-17,100642,2020-04-17,2020-04-17,V,202,True
100643_2022-10-28,100643,2022-10-28,2022-10-28,V,100,True
100645_2020-10-31,100645,2020-10-31,2020-10-31,V,100,True
100648_2023-09-19,100648,2023-09-19,2023-09-19,I,200,True
100649_2019-07-25,100649,2019-07-25,2019-07-25,V,100,True
100650_2020-06-07,100650,2020-06-07,2020-06-07,V,100,True
100651_2022-07-02,100651,2022-07-02,2022-07-02,I,206,True
100654_2020-09-30,100654,2020-09-30,2020-09-30,V,100,True
100655_2020-10-18,100655,2020-10-18,2020-10-18,V,101,True
100656_2022-09-09,100656,2022-09-09,2022-09-09,V,202,True
100657_2021-05-02,100657,2021-05-02,2021-05-02,V,102,True
100660_2022-12-31,100660,2022-12-31,2022-12-31,V,101,True
100662_2020-01-10,100662,2020-01-10,2020-01-10,I,206,True
100664_2023-05-03,100664,2023-05-03,2023-05-03,V,103,True
100665_2019-07-01,100665,2019-07-01,2019-07-01,V,101,True
100666_2020-06-28,100666,2020-06-28,2020-06-28,V,100,True
100667_2021-01-06,100667,2021-01-06,2021-01-06,I,210,True
100669_2021-01-17,100669,2021-01-17,2021-01-17,V,100,True
100672_2024-01-10,100672,2024-01-10,2024-01-10,V,100,True
100674_2022-04-04,100674,2022-04-04,2022-04-04,V,100,True
100675_2019-10-20,100675,2019-10-20,2019-10-20,V,103,True
100678_2022-07-26,100678,2022-07-26,2022-07-26,V,100,True
100679_2023-03-13,100679,2023-03-13,2023-03-13,I,207,True
100680_2020-05-08,100680,2020-05-08,2020-05-08,I,200,True
100681_2022-03-07,100681,2022-03-07,2022-03-07,V,102,True
100682_2020-03-03,100682,2020-03-03,2020-03-03,V,101,True
100683_2022-10-27,100683,2022-10-27,2022-10-27,I,206,True
100685_2020-07-11,100685,2020-07-11,2020-07-11,V,100,True
100687_2020-06-08,100687,2020-06-08,2020-06-08,V,202,True
100689_2020-06-11,100689,2020-06-11,2020-06-11,I,210,True
100690_2022-03-30,100690,2022-03-30,2022-03-30,V,100,True
100691_2020-10-18,100691,2020-10-18,2020-10-18,I,205,True
100696_2019-08-13,100696,2019-08-13,2019-08-13,I,200,True
100699_2025-02-02,100699,2025-02-02,2025-02-02,V,100,True
100701_2020-12-12,100701,2020-12-12,2020-12-12,V,101,True
100703_2024-11-10,100703,2024-11-10,2024-11-10,V,101,True
100704_2020-07-27,100704,2020-07-27,2020-07-27,V,100,True
100705_2019-12-22,100705,2019-12-22,2019-12-22,V,101,True
100706_2022-06-08,100706,2022-06-08,2022-06-08,V,202,True
100707_2024-09-21,100707,2024-09-21,2024-09-21,V,202,True
100708_2019-11-05,100708,2019-11-05,2019-11-05,I,201,True
100709_2019-10-01,100709,2019-10-01,2019-10-01,I,200,True
100712_2020-11-15,100712,2020-11-15,2020-11-15,V,103,True
100713_2019-10-08,100713,2019-10-08,2019-10-08,I,201,True
100714_2022-06-14,100714,2022-06-14,2022-06-14,V,100,True
100715_2023-06-25,100715,2023-06-25,2023-06-25,I,200,True
100716_2021-07-18,100716,2021-07-18,2021-07-18,I,201,True
100718_2020-09-30,100718,2020-09-30,2020-09-30,V,103,True
100720_2020-07-16,100720,2020-07-16,2020-07-16,I,205,True
100722_2024-03-27,100722,2024-03-27,2024-03-27,V,102,True
100724_2025-01-14,100724,2025-01-14,2025-01-14,V,202,True
100725_2022-07-11,100725,2022-07-11,2022-07-11,V,100,True
100727_2025-12-29,100727,2025-12-29,2025-12-29,V,202,True
100728_2019-11-11,100728,2019-11-11,2019-11-11,V,102,True
100729_2022-03-06,100729,2022-03-06,2022-03-06,I,200,True
100730_2022-09-06,100730,2022-09-06,2022-09-06,V,103,True
100731_2021-10-21,100731,2021-10-21,2021-10-21,V,103,True
100733_2021-05-22,100733,2021-05-22,2021-05-22,V,101,True
100734_2019-10-27,100734,2019-10-27,2019-10-27,V,100,True
100736_2020-07-19,100736,2020-07-19,2020-07-19,V,100,True
100739_2025-03-31,100739,2025-03-31,2025-03-31,V,100,True
100741_2022-08-16,100741,2022-08-16,2022-08-16,I,210,True
100742_2023-05-14,100742,2023-05-14,2023-05-14,V,100,True
100743_2022-06-06,100743,2022-06-06,2022-06-06,V,103,True
100749_2021-08-03,100749,2021-08-03,2021-08-03,I,205,True
100752_2026-01-28,100752,2026-01-28,2026-01-28,I,207,True
100753_2021-02-04,100753,2021-02-04,2021-02-04,V,100,True
100756_2019-11-29,100756,2019-11-29,2019-11-29,V,100,True
100757_2019-09-28,100757,2019-09-28,2019-09-28,V,103,True
100759_2020-07-08,100759,2020-07-08,2020-07-08,V,103,True
100760_2025-10-25,100760,2025-10-25,2025-10-25,I,201,True
100761_2021-06-09,100761,2021-06-09,2021-06-09,V,101,True
100762_2022-08-28,100762,2022-08-28,2022-08-28,V,100,True
100764_2020-09-15,100764,2020-09-15,2020-09-15,V,101,True
100765_2023-10-10,100765,2023-10-10,2023-10-10,I,207,True
100768_2024-08-27,100768,2024-08-27,2024-08-27,I,201,True
100769_2022-02-28,100769,2022-02-28,2022-02-28,V,100,True
100770_2021-02-12,100770,2021-02-12,2021-02-12,V,101,True
100774_2019-11-15,100774,2019-11-15,2019-11-15,V,101,True
100776_2020-02-21,100776,2020-02-21,2020-02-21,I,200,True
100777_2023-02-26,100777,2023-02-26,2023-02-26,I,201,True
100779_2023-09-19,100779,2023-09-19,2023-09-19,I,205,True
100780_2020-03-31,100780,2020-03-31,2020-03-31,V,101,True
100781_2020-10-13,100781,2020-10-13,2020-10-13,V,102,True
100782_2023-01-19,100782,2023-01-19,2023-01-19,V,101,True
100783_2020-06-23,100783,2020-06-23,2020-06-23,I,205,True
100784_2021-09-03,100784,2021-09-03,2021-09-03,V,101,True
100785_2023-10-29,100785,2023-10-29,2023-10-29,V,102,True
100790_2021-10-02,100790,2021-10-02,2021-10-02,I,205,True
100792_2021-08-30,100792,2021-08-30,2021-08-30,V,100,True
100793_2021-06-20,100793,2021-06-20,2021-06-20,V,100,True
100794_2022-08-24,100794,2022-08-24,2022-08-24,V,101,True
100795_2020-01-06,100795,2020-01-06,2020-01-06,V,100,True
100796_2021-10-12,100796,2021-10-12,2021-10-12,I,201,True
100797_2022-08-06,100797,2022-08-06,2022-08-06,V,100,True
100798_2023-06-16,100798,2023-06-16,2023-06-16,V,100,True
100799_2022-06-27,100799,2022-06-27,2022-06-27,I,201,True
100800_2022-10-30,100800,2022-10-30,2022-10-30,V,103,True
100801_2024-05-09,100801,2024-05-09,2024-05-09,V,101,True
100803_2021-05-06,100803,2021-05-06,2021-05-06,V,202,True
100805_2021-08-22,100805,2021-08-22,2021-08-22,V,101,True
100806_2020-05-31,100806,2020-05-31,2020-05-31,V,100,True
100807_2020-02-23,100807,2020-02-23,2020-02-23,V,100,True
100808_2025-12-28,100808,2025-12-28,2025-12-28,I,205,True
100809_2020-11-16,100809,2020-11-16,2020-11-16,V,100,True
100812_2023-03-06,100812,2023-03-06,2023-03-06,I,207,True
100813_2024-10-16,100813,2024-10-16,2024-10-16,I,206,True
100815_2020-09-04,100815,2020-09-04,2020-09-04,V,100,True
100816_2020-09-22,100816,2020-09-22,2020-09-22,I,205,True
100818_2020-02-11,100818,2020-02-11,2020-02-11,V,102,True
100822_2021-08-24,100822,2021-08-24,2021-08-24,I,207,True
100823_2020-11-18,100823,2020-11-18,2020-11-18,V,100,True
100824_2020-03-02,100824,2020-03-02,2020-03-02,V,100,True
100825_2020-08-13,100825,2020-08-13,2020-08-13,V,101,True
100826_2020-09-20,100826,2020-09-20,2020-09-20,V,100,True
100827_2022-06-16,100827,2022-06-16,2022-06-16,V,100,True
100828_2020-07-16,100828,2020-07-16,2020-07-16,V,100,True
100830_2023-05-07,100830,2023-05-07,2023-05-07,V,101,True
100831_2024-03-11,100831,2024-03-11,2024-03-11,I,200,True
100832_2022-02-23,100832,2022-02-23,2022-02-23,V,103,True
100833_2024-02-28,100833,2024-02-28,2024-02-28,V,100,True
100834_2024-06-09,100834,2024-06-09,2024-06-09,V,103,True
100835_2020-03-03,100835,2020-03-03,2020-03-03,V,100,True
100837_2025-01-04,100837,2025-01-04,2025-01-04,V,100,True
100840_2020-03-03,100840,2020-03-03,2020-03-03,V,100,True
100844_2024-06-19,100844,2024-06-19,2024-06-19,V,100,True
100845_2021-01-18,100845,2021-01-18,2021-01-18,V,100,True
100846_2021-10-18,100846,2021-10-18,2021-10-18,I,206,True
100848_2020-05-14,100848,2020-05-14,2020-05-14,V,101,True
100850_2022-11-22,100850,2022-11-22,2022-11-22,V,100,True
100851_2020-07-18,100851,2020-07-18,2020-07-18,V,100,True
100853_2020-12-14,100853,2020-12-14,2020-12-14,I,207,True
100854_2024-05-03,100854,2024-05-03,2024-05-03,V,100,True
100855_2022-04-02,100855,2022-04-02,2022-04-02,I,201,True
100856_2025-06-25,100856,2025-06-25,2025-06-25,V,100,True
100859_2020-01-18,100859,2020-01-18,2020-01-18,V,102,True
100862_2021-12-08,100862,2021-12-08,2021-12-08,V,101,True
100863_2021-05-21,100863,2021-05-21,2021-05-21,V,100,True
100865_2021-06-10,100865,2021-06-10,2021-06-10,V,101,True
100867_2020-07-27,100867,2020-07-27,2020-07-27,V,101,True
100868_2021-08-06,100868,2021-08-06,2021-08-06,V,101,True
100869_2020-07-21,100869,2020-07-21,2020-07-21,V,100,True
100870_2020-03-31,100870,2020-03-31,2020-03-31,I,207,True
100871_2020-12-11,100871,2020-12-11,2020-12-11,I,201,True
100873_2021-10-23,100873,2021-10-23,2021-10-23,I,201,True
100874_2020-09-30,100874,2020-09-30,2020-09-30,I,200,True
100876_2020-01-18,100876,2020-01-18,2020-01-18,I,200,True
100877_2025-01-12,100877,2025-01-12,2025-01-12,V,101,True
100881_2022-01-27,100881,2022-01-27,2022-01-27,V,100,True
100882_2020-05-29,100882,2020-05-29,2020-05-29,V,100,True
100883_2021-06-07,100883,2021-06-07,2021-06-07,V,103,True
100884_2022-05-23,100884,2022-05-23,2022-05-23,V,100,True
100885_2020-07-24,100885,2020-07-24,2020-07-24,V,101,True
100887_2020-07-30,100887,2020-07-30,2020-07-30,V,202,True
100888_2021-12-04,100888,2021-12-04,2021-12-04,I,207,True
100891_2020-11-07,100891,2020-11-07,2020-11-07,V,100,True
100892_2021-08-08,100892,2021-08-08,2021-08-08,V,102,True
100896_2020-03-20,100896,2020-03-20,2020-03-20,V,101,True
100897_2020-09-27,100897,2020-09-27,2020-09-27,V,100,True
100899_2021-03-18,100899,2021-03-18,2021-03-18,V,101,True
100902_2022-09-25,100902,2022-09-25,2022-09-25,V,100,True
100903_2024-07-02,100903,2024-07-02,2024-07-02,V,100,True
100906_2020-12-29,100906,2020-12-29,2020-12-29,V,101,True
100908_2021-07-26,100908,2021-07-26,2021-07-26,V,101,True
100909_2022-01-06,100909,2022-01-06,2022-01-06,V,101,True
100911_2022-08-14,100911,2022-08-14,2022-08-14,V,101,True
100915_2021-06-07,100915,2021-06-07,2021-06-07,I,207,True
100916_2022-01-19,100916,2022-01-19,2022-01-19,V,102,True
100917_2022-06-28,100917,2022-06-28,2022-06-28,I,206,True
100918_2020-08-04,100918,2020-08-04,2020-08-04,V,103,True
100919_2020-06-16,100919,2020-06-16,2020-06-16,I,201,True
100920_2021-02-18,100920,2021-02-18,2021-02-18,V,101,True
100921_2020-11-29,100921,2020-11-29,2020-11-29,I,210,True
100924_2020-02-26,100924,2020-02-26,2020-02-26,V,100,True
100926_2022-09-12,100926,2022-09-12,2022-09-12,I,205,True
100927_2020-05-13,100927,2020-05-13,2020-05-13,V,101,True
100928_2023-11-17,100928,2023-11-17,2023-11-17,V,100,True
100930_2021-07-13,100930,2021-07-13,2021-07-13,V,100,True
100933_2023-09-09,100933,2023-09-09,2023-09-09,I,206,True
100934_2021-05-19,100934,2021-05-19,2021-05-19,V,102,True
100937_2025-06-16,100937,2025-06-16,2025-06-16,V,100,True
100938_2020-08-29,100938,2020-08-29,2020-08-29,V,100,True
100939_2025-02-09,100939,2025-02-09,2025-02-09,V,101,True
100940_2021-07-09,100940,2021-07-09,2021-07-09,V,101,True
100941_2020-09-18,100941,2020-09-18,2020-09-18,I,205,True
100943_2024-12-10,100943,2024-12-10,2024-12-10,V,102,True
100944_2023-03-24,100944,2023-03-24,2023-03-24,V,102,True
100946_2020-07-05,100946,2020-07-05,2020-07-05,V,100,True
100947_2021-02-05,100947,2021-02-05,2021-02-05,V,100,True
100949_2020-08-22,100949,2020-08-22,2020-08-22,I,206,True
100950_2022-01-04,100950,2022-01-04,2022-01-04,I,210,True
100951_2025-06-08,100951,2025-06-08,2025-06-08,V,100,True
100954_2022-02-06,100954,2022-02-06,2022-02-06,V,102,True
100955_2020-10-02,100955,2020-10-02,2020-10-02,I,206,True
100957_2021-12-01,100957,2021-12-01,2021-12-01,I,206,True
100960_2020-08-30,100960,2020-08-30,2020-08-30,I,200,True
100961_2021-01-22,100961,2021-01-22,2021-01-22,V,100,True
100966_2024-03-21,100966,2024-03-21,2024-03-21,V,100,True
100969_2025-09-17,100969,2025-09-17,2025-09-17,V,100,True
100970_2022-04-21,100970,2022-04-21,2022-04-21,V,101,True
100971_2020-07-31,100971,2020-07-31,2020-07-31,I,201,True
100973_2023-01-27,100973,2023-01-27,2023-01-27,I,206,True
100974_2022-06-30,100974,2022-06-30,2022-06-30,V,100,True
100975_2025-12-25,100975,2025-12-25,2025-12-25,V,202,True
100976_2020-11-16,100976,2020-11-16,2020-11-16,I,206,True
100978_2021-12-17,100978,2021-12-17,2021-12-17,V,100,True
100981_2025-08-10,100981,2025-08-10,2025-08-10,V,202,True
100983_2025-02-13,100983,2025-02-13,2025-02-13,V,101,True
100984_2021-01-13,100984,2021-01-13,2021-01-13,V,102,True
100989_2020-08-28,100989,2020-08-28,2020-08-28,V,100,True
100990_2021-02-09,100990,2021-02-09,2021-02-09,I,200,True
100991_2022-08-20,100991,2022-08-20,2022-08-20,V,101,True
100994_2022-07-30,100994,2022-07-30,2022-07-30,V,100,True
100995_2020-10-25,100995,2020-10-25,2020-10-25,V,100,True
100996_2021-04-30,100996,2021-04-30,2021-04-30,V,100,True
100997_2021-06-20,100997,2021-06-20,2021-06-20,V,102,True
100998_2022-02-11,100998,2022-02-11,2022-02-11,I,206,True
100999_2020-11-28,100999,2020-11-28,2020-11-28,V,101,True
101000_2021-02-25,101000,2021-02-25,2021-02-25,I,200,True
101001_2022-03-20,101001,2022-03-20,2022-03-20,V,103,True
101002_2021-03-28,101002,2021-03-28,2021-03-28,I,206,True
101004_2021-04-09,101004,2021-04-09,2021-04-09,V,202,True
101006_2025-08-21,101006,2025-08-21,2025-08-21,V,102,True
101007_2021-08-30,101007,2021-08-30,2021-08-30,V,100,True
101012_2020-06-25,101012,2020-06-25,2020-06-25,I,205,True
101014_2022-07-13,101014,2022-07-13,2022-07-13,I,210,True
101015_2023-09-23,101015,2023-09-23,2023-09-23,V,100,True
101019_2025-04-18,101019,2025-04-18,2025-04-18,V,101,True
101020_2020-05-08,101020,2020-05-08,2020-05-08,V,101,True
101021_2021-09-26,101021,2021-09-26,2021-09-26,I,207,True
101022_2020-11-11,101022,2020-11-11,2020-11-11,V,100,True
101024_2021-09-23,101024,2021-09-23,2021-09-23,V,103,True
101025_2023-09-15,101025,2023-09-15,2023-09-15,V,101,True
101028_2020-07-04,101028,2020-07-04,2020-07-04,V,100,True
101030_2020-11-06,101030,2020-11-06,2020-11-06,V,100,True
101033_2025-10-13,101033,2025-10-13,2025-10-13,V,202,True
101034_2023-09-25,101034,2023-09-25,2023-09-25,I,201,True
101035_2020-12-30,101035,2020-12-30,2020-12-30,V,100,True
101037_2021-10-22,101037,2021-10-22,2021-10-22,V,101,True
101040_2022-01-06,101040,2022-01-06,2022-01-06,V,100,True
101041_2021-07-07,101041,2021-07-07,2021-07-07,I,200,True
101042_2022-04-24,101042,2022-04-24,2022-04-24,I,205,True
101044_2021-03-12,101044,2021-03-12,2021-03-12,I,200,True
101046_2021-11-28,101046,2021-11-28,2021-11-28,V,102,True
101047_2024-07-25,101047,2024-07-25,2024-07-25,I,205,True
101048_2022-05-27,101048,2022-05-27,2022-05-27,I,201,True
101049_2020-08-31,101049,2020-08-31,2020-08-31,I,200,True
101051_2021-06-13,101051,2021-06-13,2021-06-13,V,100,True
101052_2020-11-16,101052,2020-11-16,2020-11-16,V,101,True
101054_2024-04-20,101054,2024-04-20,2024-04-20,I,205,True
101055_2025-11-06,101055,2025-11-06,2025-11-06,I,201,True
101056_2023-06-10,101056,2023-06-10,2023-06-10,I,200,True
101060_2020-11-24,101060,2020-11-24,2020-11-24,I,206,True
101062_2022-01-20,101062,2022-01-20,2022-01-20,V,101,True
101064_2020-11-04,101064,2020-11-04,2020-11-04,I,205,True
101065_2023-09-12,101065,2023-09-12,2023-09-12,V,202,True
101068_2023-08-17,101068,2023-08-17,2023-08-17,V,100,True
101070_2024-10-09,101070,2024-10-09,2024-10-09,V,100,True
101071_2024-12-14,101071,2024-12-14,2024-12-14,V,101,True
101073_2023-06-24,101073,2023-06-24,2023-06-24,I,201,True
101075_2021-02-08,101075,2021-02-08,2021-02-08,V,101,True
101076_2021-05-02,101076,2021-05-02,2021-05-02,I,206,True
101077_2021-05-19,101077,2021-05-19,2021-05-19,V,101,True
101079_2021-01-22,101079,2021-01-22,2021-01-22,V,100,True
101080_2020-07-09,101080,2020-07-09,2020-07-09,V,103,True
101081_2020-09-03,101081,2020-09-03,2020-09-03,I,205,True
101082_2021-09-02,101082,2021-09-02,2021-09-02,V,101,True
101083_2020-09-03,101083,2020-09-03,2020-09-03,I,201,True
101084_2021-01-03,101084,2021-01-03,2021-01-03,V,100,True
101085_2021-06-15,101085,2021-06-15,2021-06-15,V,100,True
101086_2020-07-02,101086,2020-07-02,2020-07-02,V,100,True
101087_2022-05-08,101087,2022-05-08,2022-05-08,V,102,True
101088_2023-10-25,101088,2023-10-25,2023-10-25,V,101,True
101089_2021-05-08,101089,2021-05-08,2021-05-08,V,101,True
101090_2023-06-17,101090,2023-06-17,2023-06-17,V,100,True
101091_2020-08-10,101091,2020-08-10,2020-08-10,V,202,True
101092_2021-01-17,101092,2021-01-17,2021-01-17,V,100,True
101093_2024-11-20,101093,2024-11-20,2024-11-20,V,100,True
101094_2021-10-02,101094,2021-10-02,2021-10-02,V,100,True
101095_2021-03-17,101095,2021-03-17,2021-03-17,I,207,True
101099_2020-08-24,101099,2020-08-24,2020-08-24,V,100,True
101100_2021-10-04,101100,2021-10-04,2021-10-04,V,202,True
101103_2021-08-12,101103,2021-08-12,2021-08-12,I,200,True
101104_2020-11-10,101104,2020-11-10,2020-11-10,I,200,True
101105_2025-06-03,101105,2025-06-03,2025-06-03,V,202,True
101106_2021-04-11,101106,2021-04-11,2021-04-11,V,100,True
101108_2024-02-22,101108,2024-02-22,2024-02-22,I,200,True
101109_2026-01-21,101109,2026-01-21,2026-01-21,I,200,True
101110_2020-09-09,101110,2020-09-09,2020-09-09,V,100,True
101113_2021-07-10,101113,2021-07-10,2021-07-10,V,103,True
101115_2021-05-05,101115,2021-05-05,2021-05-05,V,100,True
101117_2024-08-03,101117,2024-08-03,2024-08-03,V,102,True
101119_2023-03-16,101119,2023-03-16,2023-03-16,V,100,True
101120_2021-03-13,101120,2021-03-13,2021-03-13,V,102,True
101121_2021-02-25,101121,2021-02-25,2021-02-25,V,100,True
101123_2022-06-07,101123,2022-06-07,2022-06-07,V,103,True
101124_2022-05-30,101124,2022-05-30,2022-05-30,I,206,True
101126_2020-11-15,101126,2020-11-15,2020-11-15,I,200,True
101128_2021-04-20,101128,2021-04-20,2021-04-20,V,102,True
101129_2020-11-23,101129,2020-11-23,2020-11-23,V,103,True
101133_2020-09-14,101133,2020-09-14,2020-09-14,I,207,True
101134_2021-08-20,101134,2021-08-20,2021-08-20,V,202,True
101135_2021-04-17,101135,2021-04-17,2021-04-17,I,205,True
101136_2020-08-10,101136,2020-08-10,2020-08-10,V,101,True
101137_2021-12-05,101137,2021-12-05,2021-12-05,V,100,True
101139_2021-02-13,101139,2021-02-13,2021-02-13,V,202,True
101140_2021-07-26,101140,2021-07-26,2021-07-26,V,100,True
101141_2024-05-15,101141,2024-05-15,2024-05-15,V,100,True
101142_2024-12-09,101142,2024-12-09,2024-12-09,V,101,True
101145_2021-02-15,101145,2021-02-15,2021-02-15,V,100,True
101147_2022-01-05,101147,2022-01-05,2022-01-05,I,200,True
101148_2024-08-27,101148,2024-08-27,2024-08-27,V,101,True
101150_2021-07-12,101150,2021-07-12,2021-07-12,V,101,True
101151_2025-06-22,101151,2025-06-22,2025-06-22,V,202,True
101153_2024-03-06,101153,2024-03-06,2024-03-06,I,205,True
101155_2026-01-11,101155,2026-01-11,2026-01-11,V,202,True
101157_2021-05-20,101157,2021-05-20,2021-05-20,V,101,True
101158_2023-04-11,101158,2023-04-11,2023-04-11,I,210,True
101159_2022-11-19,101159,2022-11-19,2022-11-19,V,100,True
101161_2021-10-18,101161,2021-10-18,2021-10-18,I,210,True
101162_2021-12-31,101162,2021-12-31,2021-12-31,V,202,True
101163_2024-01-02,101163,2024-01-02,2024-01-02,V,202,True
101164_2021-02-12,101164,2021-02-12,2021-02-12,V,202,True
101165_2021-01-05,101165,2021-01-05,2021-01-05,V,100,True
101166_2021-02-15,101166,2021-02-15,2021-02-15,V,101,True
101167_2021-01-11,101167,2021-01-11,2021-01-11,V,101,True
101168_2022-04-18,101168,2022-04-18,2022-04-18,V,100,True
101170_2025-05-05,101170,2025-05-05,2025-05-05,V,102,True
101172_2020-11-02,101172,2020-11-02,2020-11-02,V,102,True
101173_2022-03-16,101173,2022-03-16,2022-03-16,I,205,True
101174_2020-12-07,101174,2020-12-07,2020-12-07,V,100,True
101175_2020-10-18,101175,2020-10-18,2020-10-18,I,210,True
101176_2022-01-15,101176,2022-01-15,2022-01-15,V,101,True
101178_2020-10-05,101178,2020-10-05,2020-10-05,V,100,True
101179_2023-12-17,101179,2023-12-17,2023-12-17,V,101,True
101180_2021-02-02,101180,2021-02-02,2021-02-02,V,100,True
101182_2022-03-20,101182,2022-03-20,2022-03-20,V,102,True
101183_2024-10-23,101183,2024-10-23,2024-10-23,V,103,True
101184_2020-11-04,101184,2020-11-04,2020-11-04,V,103,True
101185_2024-07-20,101185,2024-07-20,2024-07-20,V,103,True
101186_2022-07-21,101186,2022-07-21,2022-07-21,I,200,True
101187_2021-10-04,101187,2021-10-04,2021-10-04,I,210,True
101191_2022-02-16,101191,2022-02-16,2022-02-16,I,200,True
101192_2021-06-29,101192,2021-06-29,2021-06-29,V,101,True
101193_2024-05-14,101193,2024-05-14,2024-05-14,I,205,True
101194_2026-01-18,101194,2026-01-18,2026-01-18,V,202,True
101197_2020-12-22,101197,2020-12-22,2020-12-22,I,201,True
101200_2025-05-08,101200,2025-05-08,2025-05-08,V,101,True
101201_2021-08-27,101201,2021-08-27,2021-08-27,V,100,True
101204_2020-11-05,101204,2020-11-05,2020-11-05,I,206,True
101208_2021-06-05,101208,2021-06-05,2021-06-05,V,100,True
101210_2021-08-31,101210,2021-08-31,2021-08-31,V,100,True
101211_2022-05-27,101211,2022-05-27,2022-05-27,V,100,True
101212_2021-11-27,101212,2021-11-27,2021-11-27,I,206,True
101213_2020-12-28,101213,2020-12-28,2020-12-28,V,100,True
101214_2022-11-08,101214,2022-11-08,2022-11-08,V,101,True
101215_2022-03-21,101215,2022-03-21,2022-03-21,I,201,True
101216_2020-11-20,101216,2020-11-20,2020-11-20,I,201,True
101218_2024-09-08,101218,2024-09-08,2024-09-08,V,102,True
101223_2024-04-27,101223,2024-04-27,2024-04-27,I,201,True
101225_2022-10-04,101225,2022-10-04,2022-10-04,V,101,True
101226_2021-11-03,101226,2021-11-03,2021-11-03,V,101,True
101229_2021-02-07,101229,2021-02-07,2021-02-07,I,207,True
101230_2020-11-16,101230,2020-11-16,2020-11-16,V,102,True
101231_2024-10-10,101231,2024-10-10,2024-10-10,V,100,True
101232_2021-08-29,101232,2021-08-29,2021-08-29,V,202,True
101233_2024-11-14,101233,2024-11-14,2024-11-14,V,100,True
101235_2021-05-25,101235,2021-05-25,2021-05-25,V,100,True
101236_2021-06-27,101236,2021-06-27,2021-06-27,I,205,True
101238_2021-06-04,101238,2021-06-04,2021-06-04,I,206,True
101239_2025-11-27,101239,2025-11-27,2025-11-27,I,205,True
101240_2021-07-26,101240,2021-07-26,2021-07-26,V,102,True
101242_2021-03-10,101242,2021-03-10,2021-03-10,I,200,True
101246_2021-04-28,101246,2021-04-28,2021-04-28,V,202,True
101248_2021-10-09,101248,2021-10-09,2021-10-09,I,200,True
101249_2020-11-30,101249,2020-11-30,2020-11-30,V,202,True
101250_2025-07-04,101250,2025-07-04,2025-07-04,V,100,True
101253_2020-12-14,101253,2020-12-14,2020-12-14,V,100,True
101255_2022-07-18,101255,2022-07-18,2022-07-18,I,205,True
101257_2022-01-17,101257,2022-01-17,2022-01-17,V,202,True
101259_2020-11-01,101259,2020-11-01,2020-11-01,V,100,True
101260_2021-11-12,101260,2021-11-12,2021-11-12,V,100,True
101261_2020-11-15,101261,2020-11-15,2020-11-15,I,207,True
101262_2024-01-02,101262,2024-01-02,2024-01-02,V,100,True
101263_2024-10-04,101263,2024-10-04,2024-10-04,V,202,True
101264_2021-07-20,101264,2021-07-20,2021-07-20,I,206,True
101265_2022-11-24,101265,2022-11-24,2022-11-24,I,207,True
101267_2023-09-13,101267,2023-09-13,2023-09-13,I,201,True
101269_2021-01-30,101269,2021-01-30,2021-01-30,V,101,True
101272_2021-06-30,101272,2021-06-30,2021-06-30,I,207,True
101273_2021-02-12,101273,2021-02-12,2021-02-12,V,202,True
101274_2021-03-05,101274,2021-03-05,2021-03-05,V,100,True
101276_2020-12-28,101276,2020-12-28,2020-12-28,V,101,True
101277_2021-07-19,101277,2021-07-19,2021-07-19,V,102,True
101280_2021-05-14,101280,2021-05-14,2021-05-14,V,101,True
101282_2021-08-07,101282,2021-08-07,2021-08-07,V,100,True
101283_2021-10-07,101283,2021-10-07,2021-10-07,I,201,True
101284_2025-05-24,101284,2025-05-24,2025-05-24,V,202,True
101287_2022-03-30,101287,2022-03-30,2022-03-30,I,200,True
101291_2020-12-18,101291,2020-12-18,2020-12-18,V,101,True
101292_2024-06-06,101292,2024-06-06,2024-06-06,V,202,True
101293_2021-10-03,101293,2021-10-03,2021-10-03,V,100,True
101294_2021-12-23,101294,2021-12-23,2021-12-23,I,200,True
101296_2021-11-15,101296,2021-11-15,2021-11-15,V,103,True
101297_2023-02-04,101297,2023-02-04,2023-02-04,V,100,True
101299_2023-03-06,101299,2023-03-06,2023-03-06,V,202,True
101300_2023-09-16,101300,2023-09-16,2023-09-16,I,206,True
101303_2021-03-04,101303,2021-03-04,2021-03-04,V,100,True
101305_2023-06-06,101305,2023-06-06,2023-06-06,V,202,True
101306_2022-07-28,101306,2022-07-28,2022-07-28,I,205,True
101307_2023-01-22,101307,2023-01-22,2023-01-22,V,100,True
101308_2021-05-13,101308,2021-05-13,2021-05-13,V,100,True
101310_2023-06-05,101310,2023-06-05,2023-06-05,V,100,True
101311_2022-02-08,101311,2022-02-08,2022-02-08,I,210,True
101312_2022-06-09,101312,2022-06-09,2022-06-09,I,205,True
101313_2021-02-15,101313,2021-02-15,2021-02-15,V,101,True
101314_2022-04-02,101314,2022-04-02,2022-04-02,I,205,True
101317_2021-12-22,101317,2021-12-22,2021-12-22,I,207,True
101319_2023-06-21,101319,2023-06-21,2023-06-21,I,200,True
101320_2023-02-10,101320,2023-02-10,2023-02-10,I,200,True
101321_2021-06-19,101321,2021-06-19,2021-06-19,V,102,True
101322_2021-06-20,101322,2021-06-20,2021-06-20,I,200,True
101325_2021-07-31,101325,2021-07-31,2021-07-31,V,101,True
101326_2022-06-26,101326,2022-06-26,2022-06-26,V,101,True
101327_2025-11-11,101327,2025-11-11,2025-11-11,V,102,True
101328_2021-05-29,101328,2021-05-29,2021-05-29,V,100,True
101329_2021-09-19,101329,2021-09-19,2021-09-19,V,101,True
101330_2024-02-14,101330,2024-02-14,2024-02-14,V,100,True
101332_2024-06-04,101332,2024-06-04,2024-06-04,I,207,True
101335_2021-08-06,101335,2021-08-06,2021-08-06,V,202,True
101339_2024-10-22,101339,2024-10-22,2024-10-22,V,100,True
101340_2022-02-27,101340,2022-02-27,2022-02-27,V,100,True
101342_2021-09-23,101342,2021-09-23,2021-09-23,I,200,True
101344_2021-08-22,101344,2021-08-22,2021-08-22,V,100,True
101345_2025-07-07,101345,2025-07-07,2025-07-07,V,100,True
101346_2021-06-17,101346,2021-06-17,2021-06-17,V,100,True
101348_2021-10-17,101348,2021-10-17,2021-10-17,V,100,True
101350_2025-07-19,101350,2025-07-19,2025-07-19,V,101,True
101352_2023-04-03,101352,2023-04-03,2023-04-03,V,100,True
101354_2024-05-22,101354,2024-05-22,2024-05-22,I,200,True
101355_2021-09-11,101355,2021-09-11,2021-09-11,I,200,True
101357_2021-04-23,101357,2021-04-23,2021-04-23,V,100,True
101359_2021-06-14,101359,2021-06-14,2021-06-14,V,100,True
101361_2025-08-21,101361,2025-08-21,2025-08-21,V,100,True
101363_2023-04-16,101363,2023-04-16,2023-04-16,V,202,True
101364_2022-11-19,101364,2022-11-19,2022-11-19,V,100,True
101365_2025-05-11,101365,2025-05-11,2025-05-11,V,100,True
101367_2024-04-18,101367,2024-04-18,2024-04-18,I,200,True
101369_2022-11-24,101369,2022-11-24,2022-11-24,I,207,True
101374_2021-11-24,101374,2021-11-24,2021-11-24,V,103,True
101376_2022-04-25,101376,2022-04-25,2022-04-25,V,102,True
101377_2024-12-20,101377,2024-12-20,2024-12-20,V,202,True
101379_2025-07-22,101379,2025-07-22,2025-07-22,V,100,True
101381_2021-05-22,101381,2021-05-22,2021-05-22,V,100,True
101383_2021-11-07,101383,2021-11-07,2021-11-07,I,207,True
101385_2021-05-19,101385,2021-05-19,2021-05-19,I,205,True
101386_2023-12-03,101386,2023-12-03,2023-12-03,V,101,True
101388_2021-04-12,101388,2021-04-12,2021-04-12,V,101,True
101391_2021-12-14,101391,2021-12-14,2021-12-14,V,101,True
101392_2022-11-12,101392,2022-11-12,2022-11-12,V,101,True
101393_2021-06-26,101393,2021-06-26,2021-06-26,V,100,True
101395_2021-04-12,101395,2021-04-12,2021-04-12,V,100,True
101399_2021-10-12,101399,2021-10-12,2021-10-12,V,101,True
101400_2023-04-08,101400,2023-04-08,2023-04-08,V,100,True
101403_2021-05-16,101403,2021-05-16,2021-05-16,V,202,True
101405_2023-10-18,101405,2023-10-18,2023-10-18,V,100,True
101407_2025-10-01,101407,2025-10-01,2025-10-01,I,200,True
101409_2023-01-19,101409,2023-01-19,2023-01-19,V,103,True
101410_2021-05-12,101410,2021-05-12,2021-05-12,I,200,True
101411_2021-06-14,101411,2021-06-14,2021-06-14,I,201,True
101413_2024-08-18,101413,2024-08-18,2024-08-18,I,206,True
101414_2024-02-27,101414,2024-02-27,2024-02-27,V,101,True
101415_2021-11-18,101415,2021-11-18,2021-11-18,V,202,True
101416_2021-10-12,101416,2021-10-12,2021-10-12,V,100,True
101421_2025-09-13,101421,2025-09-13,2025-09-13,I,201,True
101424_2024-10-15,101424,2024-10-15,2024-10-15,V,101,True
101428_2021-10-31,101428,2021-10-31,2021-10-31,V,202,True
101431_2024-01-15,101431,2024-01-15,2024-01-15,I,206,True
101434_2024-01-16,101434,2024-01-16,2024-01-16,I,207,True
101435_2022-12-18,101435,2022-12-18,2022-12-18,V,100,True
101436_2022-09-16,101436,2022-09-16,2022-09-16,V,100,True
101438_2022-09-05,101438,2022-09-05,2022-09-05,V,100,True
101439_2022-09-05,101439,2022-09-05,2022-09-05,I,200,True
101443_2025-12-14,101443,2025-12-14,2025-12-14,V,102,True
101444_2021-05-13,101444,2021-05-13,2021-05-13,I,205,True
101445_2022-08-14,101445,2022-08-14,2022-08-14,V,202,True
101446_2023-04-28,101446,2023-04-28,2023-04-28,V,101,True
101447_2023-08-04,101447,2023-08-04,2023-08-04,V,101,True
101450_2021-09-03,101450,2021-09-03,2021-09-03,I,201,True
101451_2023-03-05,101451,2023-03-05,2023-03-05,I,201,True
101453_2025-05-10,101453,2025-05-10,2025-05-10,I,205,True
101454_2022-06-03,101454,2022-06-03,2022-06-03,V,100,True
101455_2023-03-18,101455,2023-03-18,2023-03-18,I,200,True
101456_2025-03-25,101456,2025-03-25,2025-03-25,V,102,True
101458_2022-03-26,101458,2022-03-26,2022-03-26,V,100,True
101462_2023-04-16,101462,2023-04-16,2023-04-16,I,200,True
101463_2022-06-07,101463,2022-06-07,2022-06-07,V,202,True
101464_2022-03-25,101464,2022-03-25,2022-03-25,V,103,True
101467_2023-12-27,101467,2023-12-27,2023-12-27,V,100,True
101468_2022-03-16,101468,2022-03-16,2022-03-16,V,100,True
101470_2021-09-03,101470,2021-09-03,2021-09-03,V,102,True
101471_2025-01-18,101471,2025-01-18,2025-01-18,V,100,True
101476_2021-12-29,101476,2021-12-29,2021-12-29,V,101,True
101477_2023-12-17,101477,2023-12-17,2023-12-17,I,207,True
101479_2021-08-08,101479,2021-08-08,2021-08-08,V,100,True
101480_2023-03-23,101480,2023-03-23,2023-03-23,V,100,True
101484_2021-07-21,101484,2021-07-21,2021-07-21,V,100,True
101485_2022-07-08,101485,2022-07-08,2022-07-08,I,200,True
101487_2025-07-16,101487,2025-07-16,2025-07-16,V,100,True
101489_2022-08-20,101489,2022-08-20,2022-08-20,V,202,True
101490_2021-06-12,101490,2021-06-12,2021-06-12,V,100,True
101492_2023-11-09,101492,2023-11-09,2023-11-09,I,205,True
101493_2024-04-05,101493,2024-04-05,2024-04-05,V,102,True
101495_2025-02-23,101495,2025-02-23,2025-02-23,V,202,True
101497_2025-10-06,101497,2025-10-06,2025-10-06,V,102,True
101498_2022-02-26,101498,2022-02-26,2022-02-26,V,102,True
101499_2021-07-20,101499,2021-07-20,2021-07-20,V,100,True
101501_2024-06-14,101501,2024-06-14,2024-06-14,V,100,True
101504_2023-09-10,101504,2023-09-10,2023-09-10,V,102,True
101506_2023-11-19,101506,2023-11-19,2023-11-19,V,202,True
101508_2024-06-14,101508,2024-06-14,2024-06-14,V,100,True
101509_2022-06-01,101509,2022-06-01,2022-06-01,V,103,True
101510_2022-05-15,101510,2022-05-15,2022-05-15,V,103,True
101511_2023-11-21,101511,2023-11-21,2023-11-21,V,100,True
101512_2022-10-14,101512,2022-10-14,2022-10-14,V,100,True
101517_2023-06-12,101517,2023-06-12,2023-06-12,I,206,True
101518_2022-02-02,101518,2022-02-02,2022-02-02,I,210,True
101524_2024-07-16,101524,2024-07-16,2024-07-16,V,100,True
101525_2023-04-15,101525,2023-04-15,2023-04-15,V,202,True
101526_2021-11-02,101526,2021-11-02,2021-11-02,V,202,True
101527_2025-02-27,101527,2025-02-27,2025-02-27,V,100,True
101528_2024-07-25,101528,2024-07-25,2024-07-25,I,200,True
101529_2024-12-15,101529,2024-12-15,2024-12-15,V,100,True
101530_2021-12-09,101530,2021-12-09,2021-12-09,I,206,True
101535_2023-08-01,101535,2023-08-01,2023-08-01,V,100,True
101538_2025-08-29,101538,2025-08-29,2025-08-29,V,101,True
101539_2024-06-02,101539,2024-06-02,2024-06-02,V,101,True
101540_2025-02-04,101540,2025-02-04,2025-02-04,V,100,True
101541_2022-04-16,101541,2022-04-16,2022-04-16,I,201,True
101542_2021-09-17,101542,2021-09-17,2021-09-17,I,205,True
101543_2023-07-10,101543,2023-07-10,2023-07-10,V,101,True
101548_2023-03-28,101548,2023-03-28,2023-03-28,I,210,True
101549_2021-12-04,101549,2021-12-04,2021-12-04,V,202,True
101550_2024-09-03,101550,2024-09-03,2024-09-03,V,202,True
101551_2024-08-11,101551,2024-08-11,2024-08-11,I,207,True
101553_2022-05-08,101553,2022-05-08,2022-05-08,V,102,True
101554_2021-08-29,101554,2021-08-29,2021-08-29,V,100,True
101555_2023-12-28,101555,2023-12-28,2023-12-28,V,102,True
101557_2022-05-11,101557,2022-05-11,2022-05-11,V,102,True
101565_2022-05-25,101565,2022-05-25,2022-05-25,V,100,True
101568_2024-09-13,101568,2024-09-13,2024-09-13,V,100,True
101570_2022-11-16,101570,2022-11-16,2022-11-16,V,100,True
101571_2022-03-26,101571,2022-03-26,2022-03-26,V,101,True
101574_2021-08-28,101574,2021-08-28,2021-08-28,V,100,True
101575_2023-08-18,101575,2023-08-18,2023-08-18,I,207,True
101576_2023-05-24,101576,2023-05-24,2023-05-24,V,102,True
101577_2022-05-11,101577,2022-05-11,2022-05-11,V,100,True
101580_2023-01-03,101580,2023-01-03,2023-01-03,V,100,True
101581_2022-05-01,101581,2022-05-01,2022-05-01,I,206,True
101582_2022-03-31,101582,2022-03-31,2022-03-31,V,101,True
101584_2024-11-14,101584,2024-11-14,2024-11-14,I,207,True
101585_2022-08-03,101585,2022-08-03,2022-08-03,V,101,True
101586_2024-05-27,101586,2024-05-27,2024-05-27,I,206,True
101593_2022-06-04,101593,2022-06-04,2022-06-04,I,201,True
101595_2023-10-25,101595,2023-10-25,2023-10-25,I,200,True
101596_2022-06-10,101596,2022-06-10,2022-06-10,V,202,True
101600_2021-11-19,101600,2021-11-19,2021-11-19,I,201,True
101601_2022-09-30,101601,2022-09-30,2022-09-30,I,201,True
101603_2025-06-07,101603,2025-06-07,2025-06-07,I,200,True
101608_2022-04-11,101608,2022-04-11,2022-04-11,V,101,True
101610_2022-05-20,101610,2022-05-20,2022-05-20,I,207,True
101611_2022-04-11,101611,2022-04-11,2022-04-11,V,202,True
101612_2022-06-07,101612,2022-06-07,2022-06-07,V,202,True
101614_2022-06-08,101614,2022-06-08,2022-06-08,I,201,True
101615_2021-11-30,101615,2021-11-30,2021-11-30,V,100,True
101616_2023-12-07,101616,2023-12-07,2023-12-07,V,103,True
101620_2022-01-06,101620,2022-01-06,2022-01-06,V,103,True
101621_2024-04-21,101621,2024-04-21,2024-04-21,I,200,True
101622_2021-12-15,101622,2021-12-15,2021-12-15,V,102,True
101624_2022-09-07,101624,2022-09-07,2022-09-07,V,103,True
101625_2022-10-17,101625,2022-10-17,2022-10-17,I,210,True
101628_2021-12-09,101628,2021-12-09,2021-12-09,V,102,True
101630_2022-10-04,101630,2022-10-04,2022-10-04,V,100,True
101632_2022-02-05,101632,2022-02-05,2022-02-05,V,100,True
101634_2022-11-21,101634,2022-11-21,2022-11-21,V,202,True
101639_2021-10-20,101639,2021-10-20,2021-10-20,V,100,True
101641_2023-01-13,101641,2023-01-13,2023-01-13,V,100,True
101642_2023-02-15,101642,2023-02-15,2023-02-15,I,201,True
101643_2023-07-06,101643,2023-07-06,2023-07-06,V,100,True
101645_2021-10-31,101645,2021-10-31,2021-10-31,V,101,True
101646_2025-10-05,101646,2025-10-05,2025-10-05,V,202,True
101647_2023-08-01,101647,2023-08-01,2023-08-01,V,100,True
101648_2023-03-14,101648,2023-03-14,2023-03-14,I,205,True
101650_2024-06-12,101650,2024-06-12,2024-06-12,I,210,True
101651_2025-04-10,101651,2025-04-10,2025-04-10,I,205,True
101652_2023-02-13,101652,2023-02-13,2023-02-13,V,102,True
101656_2021-11-10,101656,2021-11-10,2021-11-10,I,207,True
101658_2023-10-26,101658,2023-10-26,2023-10-26,V,100,True
101660_2023-07-26,101660,2023-07-26,2023-07-26,V,102,True
101662_2022-04-21,101662,2022-04-21,2022-04-21,V,100,True
101663_2022-12-06,101663,2022-12-06,2022-12-06,V,101,True
101664_2022-05-26,101664,2022-05-26,2022-05-26,V,100,True
101665_2021-12-15,101665,2021-12-15,2021-12-15,I,201,True
101666_2022-09-15,101666,2022-09-15,2022-09-15,V,102,True
101667_2022-02-14,101667,2022-02-14,2022-02-14,V,101,True
101669_2023-06-03,101669,2023-06-03,2023-06-03,I,207,True
101671_2023-02-21,101671,2023-02-21,2023-02-21,V,101,True
101672_2022-02-09,101672,2022-02-09,2022-02-09,V,202,True
101673_2023-05-23,101673,2023-05-23,2023-05-23,V,101,True
101675_2022-01-08,101675,2022-01-08,2022-01-08,V,100,True
101676_2022-02-21,101676,2022-02-21,2022-02-21,V,202,True
101679_2021-11-08,101679,2021-11-08,2021-11-08,V,202,True
101681_2022-06-10,101681,2022-06-10,2022-06-10,I,201,True
101683_2021-10-16,101683,2021-10-16,2021-10-16,V,102,True
101684_2022-07-26,101684,2022-07-26,2022-07-26,V,101,True
101685_2025-04-09,101685,2025-04-09,2025-04-09,V,100,True
101687_2021-11-22,101687,2021-11-22,2021-11-22,V,100,True
101689_2026-01-20,101689,2026-01-20,2026-01-20,V,102,True
101690_2023-03-28,101690,2023-03-28,2023-03-28,I,200,True
101693_2021-11-02,101693,2021-11-02,2021-11-02,V,101,True
101694_2022-05-09,101694,2022-05-09,2022-05-09,V,100,True
101696_2022-04-25,101696,2022-04-25,2022-04-25,I,201,True
101699_2023-05-30,101699,2023-05-30,2023-05-30,V,100,True
101702_2022-08-14,101702,2022-08-14,2022-08-14,V,100,True
101703_2021-12-09,101703,2021-12-09,2021-12-09,V,103,True
101707_2025-10-15,101707,2025-10-15,2025-10-15,I,207,True
101709_2024-07-09,101709,2024-07-09,2024-07-09,V,100,True
101710_2023-08-28,101710,2023-08-28,2023-08-28,V,101,True
101712_2023-04-16,101712,2023-04-16,2023-04-16,V,202,True
101713_2023-09-24,101713,2023-09-24,2023-09-24,V,102,True
101714_2023-08-29,101714,2023-08-29,2023-08-29,V,202,True
101715_2024-04-22,101715,2024-04-22,2024-04-22,V,101,True
101718_2021-12-12,101718,2021-12-12,2021-12-12,I,207,True
101722_2024-02-02,101722,2024-02-02,2024-02-02,I,206,True
101727_2022-12-28,101727,2022-12-28,2022-12-28,V,103,True
101728_2022-11-29,101728,2022-11-29,2022-11-29,V,100,True
101729_2023-01-24,101729,2023-01-24,2023-01-24,V,102,True
101732_2025-08-03,101732,2025-08-03,2025-08-03,V,102,True
101734_2021-11-27,101734,2021-11-27,2021-11-27,V,101,True
101737_2024-04-06,101737,2024-04-06,2024-04-06,V,101,True
101740_2022-11-26,101740,2022-11-26,2022-11-26,V,202,True
101741_2022-04-24,101741,2022-04-24,2022-04-24,I,206,True
101742_2023-04-12,101742,2023-04-12,2023-04-12,V,202,True
101743_2022-04-10,101743,2022-04-10,2022-04-10,V,100,True
101745_2022-01-04,101745,2022-01-04,2022-01-04,V,102,True
101746_2022-06-20,101746,2022-06-20,2022-06-20,V,100,True
101749_2023-09-10,101749,2023-09-10,2023-09-10,V,202,True
101750_2022-07-16,101750,2022-07-16,2022-07-16,V,100,True
101752_2024-11-28,101752,2024-11-28,2024-11-28,V,202,True
101754_2022-10-10,101754,2022-10-10,2022-10-10,I,201,True
101756_2024-10-20,101756,2024-10-20,2024-10-20,I,207,True
101757_2023-02-22,101757,2023-02-22,2023-02-22,V,100,True
101758_2025-12-19,101758,2025-12-19,2025-12-19,V,100,True
101759_2024-10-09,101759,2024-10-09,2024-10-09,I,207,True
101760_2023-06-22,101760,2023-06-22,2023-06-22,I,200,True
101762_2024-01-09,101762,2024-01-09,2024-01-09,V,100,True
101763_2025-01-27,101763,2025-01-27,2025-01-27,V,103,True
101766_2022-09-06,101766,2022-09-06,2022-09-06,I,206,True
101773_2025-09-20,101773,2025-09-20,2025-09-20,V,101,True
101775_2022-09-10,101775,2022-09-10,2022-09-10,V,101,True
101776_2025-01-25,101776,2025-01-25,2025-01-25,I,205,True
101779_2023-09-10,101779,2023-09-10,2023-09-10,V,100,True
101781_2022-06-21,101781,2022-06-21,2022-06-21,I,207,True
101785_2022-03-03,101785,2022-03-03,2022-03-03,V,100,True
101787_2025-04-15,101787,2025-04-15,2025-04-15,V,100,True
101790_2023-08-19,101790,2023-08-19,2023-08-19,I,207,True
101791_2022-05-02,101791,2022-05-02,2022-05-02,V,103,True
101792_2024-03-27,101792,2024-03-27,2024-03-27,V,101,True
101793_2022-12-20,101793,2022-12-20,2022-12-20,V,100,True
101794_2022-10-11,101794,2022-10-11,2022-10-11,V,103,True
101798_2022-04-05,101798,2022-04-05,2022-04-05,I,201,True
101801_2024-07-30,101801,2024-07-30,2024-07-30,V,202,True
101804_2024-10-01,101804,2024-10-01,2024-10-01,I,207,True
101808_2023-12-14,101808,2023-12-14,2023-12-14,V,100,True
101812_2022-12-22,101812,2022-12-22,2022-12-22,V,102,True
101813_2022-10-30,101813,2022-10-30,2022-10-30,V,100,True
101815_2022-11-14,101815,2022-11-14,2022-11-14,V,100,True
101816_2025-05-13,101816,2025-05-13,2025-05-13,V,101,True
101823_2022-05-26,101823,2022-05-26,2022-05-26,V,100,True
101825_2024-12-21,101825,2024-12-21,2024-12-21,I,205,True
101826_2022-06-30,101826,2022-06-30,2022-06-30,V,101,True
101828_2025-09-21,101828,2025-09-21,2025-09-21,V,100,True
101829_2024-04-05,101829,2024-04-05,2024-04-05,I,200,True
101833_2023-04-27,101833,2023-04-27,2023-04-27,I,205,True
101835_2022-05-21,101835,2022-05-21,2022-05-21,I,201,True
101836_2022-10-15,101836,2022-10-15,2022-10-15,I,201,True
101837_2025-03-22,101837,2025-03-22,2025-03-22,V,202,True
101838_2025-01-28,101838,2025-01-28,2025-01-28,V,100,True
101843_2022-11-25,101843,2022-11-25,2022-11-25,V,100,True
101846_2025-12-11,101846,2025-12-11,2025-12-11,V,101,True
101848_2025-04-30,101848,2025-04-30,2025-04-30,V,202,True
101850_2023-06-03,101850,2023-06-03,2023-06-03,V,101,True
101851_2023-10-06,101851,2023-10-06,2023-10-06,V,100,True
101857_2023-12-10,101857,2023-12-10,2023-12-10,V,100,True
101859_2022-05-22,101859,2022-05-22,2022-05-22,V,103,True
101860_2023-04-02,101860,2023-04-02,2023-04-02,I,205,True
101862_2024-12-12,101862,2024-12-12,2024-12-12,V,100,True
101863_2023-08-30,101863,2023-08-30,2023-08-30,V,202,True
101865_2022-08-30,101865,2022-08-30,2022-08-30,I,201,True
101867_2022-10-11,101867,2022-10-11,2022-10-11,I,205,True
101868_2023-03-11,101868,2023-03-11,2023-03-11,I,200,True
101869_2023-07-12,101869,2023-07-12,2023-07-12,I,205,True
101875_2023-02-25,101875,2023-02-25,2023-02-25,I,201,True
101876_2025-04-19,101876,2025-04-19,2025-04-19,I,201,True
101879_2023-09-17,101879,2023-09-17,2023-09-17,I,206,True
101881_2022-11-29,101881,2022-11-29,2022-11-29,V,101,True
101883_2025-06-21,101883,2025-06-21,2025-06-21,V,100,True
101884_2022-07-03,101884,2022-07-03,2022-07-03,I,200,True
101886_2022-11-06,101886,2022-11-06,2022-11-06,V,202,True
101887_2025-10-15,101887,2025-10-15,2025-10-15,I,205,True
101896_2024-10-20,101896,2024-10-20,2024-10-20,I,205,True
101898_2022-11-11,101898,2022-11-11,2022-11-11,V,102,True
101900_2024-02-13,101900,2024-02-13,2024-02-13,V,100,True
101902_2024-12-07,101902,2024-12-07,2024-12-07,I,200,True
101903_2022-08-01,101903,2022-08-01,2022-08-01,V,100,True
101906_2023-10-22,101906,2023-10-22,2023-10-22,V,100,True
101907_2025-02-01,101907,2025-02-01,2025-02-01,I,205,True
101912_2024-04-13,101912,2024-04-13,2024-04-13,V,101,True
101915_2023-08-02,101915,2023-08-02,2023-08-02,V,100,True
101916_2025-03-11,101916,2025-03-11,2025-03-11,V,202,True
101918_2024-11-12,101918,2024-11-12,2024-11-12,V,202,True
101919_2023-03-16,101919,2023-03-16,2023-03-16,I,207,True
101923_2024-03-19,101923,2024-03-19,2024-03-19,V,101,True
101924_2022-08-03,101924,2022-08-03,2022-08-03,V,101,True
101925_2025-11-15,101925,2025-11-15,2025-11-15,V,101,True
101926_2022-11-23,101926,2022-11-23,2022-11-23,V,101,True
101928_2023-02-25,101928,2023-02-25,2023-02-25,V,102,True
101929_2024-02-25,101929,2024-02-25,2024-02-25,I,200,True
101933_2023-05-29,101933,2023-05-29,2023-05-29,V,101,True
101934_2023-10-24,101934,2023-10-24,2023-10-24,V,100,True
101936_2024-01-07,101936,2024-01-07,2024-01-07,I,201,True
101938_2022-10-23,101938,2022-10-23,2022-10-23,V,202,True
101939_2024-02-25,101939,2024-02-25,2024-02-25,V,101,True
101940_2025-07-28,101940,2025-07-28,2025-07-28,V,101,True
101946_2022-06-08,101946,2022-06-08,2022-06-08,V,100,True
101947_2023-07-31,101947,2023-07-31,2023-07-31,I,200,True
101948_2023-11-13,101948,2023-11-13,2023-11-13,V,102,True
101949_2023-10-16,101949,2023-10-16,2023-10-16,I,205,True
101951_2022-08-09,101951,2022-08-09,2022-08-09,V,100,True
101953_2023-01-15,101953,2023-01-15,2023-01-15,V,102,True
101955_2022-11-26,101955,2022-11-26,2022-11-26,V,100,True
101956_2024-09-29,101956,2024-09-29,2024-09-29,V,101,True
101957_2024-01-23,101957,2024-01-23,2024-01-23,I,201,True
101958_2022-12-12,101958,2022-12-12,2022-12-12,I,201,True
101959_2025-07-06,101959,2025-07-06,2025-07-06,I,200,True
101962_2023-10-29,101962,2023-10-29,2023-10-29,I,200,True
101963_2023-07-09,101963,2023-07-09,2023-07-09,V,102,True
101968_2023-06-22,101968,2023-06-22,2023-06-22,I,206,True
101969_2024-06-20,101969,2024-06-20,2024-06-20,V,101,True
101970_2022-08-18,101970,2022-08-18,2022-08-18,V,100,True
101971_2023-10-27,101971,2023-10-27,2023-10-27,V,102,True
101972_2025-01-02,101972,2025-01-02,2025-01-02,I,207,True
101974_2023-02-17,101974,2023-02-17,2023-02-17,V,101,True
101975_2022-11-26,101975,2022-11-26,2022-11-26,I,201,True
101976_2023-06-23,101976,2023-06-23,2023-06-23,I,210,True
101977_2024-02-10,101977,2024-02-10,2024-02-10,I,207,True
101978_2026-01-30,101978,2026-01-30,2026-01-30,V,101,True
101979_2023-08-05,101979,2023-08-05,2023-08-05,V,100,True
101985_2022-09-22,101985,2022-09-22,2022-09-22,I,206,True
101988_2023-03-04,101988,2023-03-04,2023-03-04,V,100,True
101990_2022-10-19,101990,2022-10-19,2022-10-19,V,100,True
101991_2022-11-20,101991,2022-11-20,2022-11-20,V,100,True
101992_2025-07-22,101992,2025-07-22,2025-07-22,I,200,True
101993_2022-12-07,101993,2022-12-07,2022-12-07,I,205,True
101994_2024-12-19,101994,2024-12-19,2024-12-19,I,207,True
101997_2022-11-15,101997,2022-11-15,2022-11-15,I,205,True
101999_2025-03-19,101999,2025-03-19,2025-03-19,V,102,True
102002_2024-01-07,102002,2024-01-07,2024-01-07,V,101,True
102007_2024-03-03,102007,2024-03-03,2024-03-03,V,100,True
102008_2023-06-21,102008,2023-06-21,2023-06-21,I,200,True
102010_2022-10-28,102010,2022-10-28,2022-10-28,V,100,True
102011_2023-12-26,102011,2023-12-26,2023-12-26,V,103,True
102012_2023-05-16,102012,2023-05-16,2023-05-16,V,100,True
102013_2023-03-02,102013,2023-03-02,2023-03-02,I,207,True
102014_2025-04-28,102014,2025-04-28,2025-04-28,V,102,True
102015_2025-09-10,102015,2025-09-10,2025-09-10,V,102,True
102019_2023-12-15,102019,2023-12-15,2023-12-15,I,200,True
102020_2023-09-22,102020,2023-09-22,2023-09-22,I,200,True
102022_2024-12-19,102022,2024-12-19,2024-12-19,I,207,True
102030_2023-03-03,102030,2023-03-03,2023-03-03,I,205,True
102036_2024-05-21,102036,2024-05-21,2024-05-21,I,201,True
102037_2023-12-17,102037,2023-12-17,2023-12-17,V,100,True
102041_2025-04-05,102041,2025-04-05,2025-04-05,V,103,True
102042_2024-07-31,102042,2024-07-31,2024-07-31,V,100,True
102044_2025-03-02,102044,2025-03-02,2025-03-02,V,101,True
102045_2023-03-07,102045,2023-03-07,2023-03-07,V,100,True
102054_2023-04-20,102054,2023-04-20,2023-04-20,V,101,True
102056_2025-03-20,102056,2025-03-20,2025-03-20,I,210,True
102058_2022-11-18,102058,2022-11-18,2022-11-18,V,103,True
102059_2024-10-22,102059,2024-10-22,2024-10-22,V,101,True
102060_2023-09-17,102060,2023-09-17,2023-09-17,V,100,True
102061_2023-10-12,102061,2023-10-12,2023-10-12,I,200,True
102065_2022-10-07,102065,2022-10-07,2022-10-07,I,205,True
102069_2023-03-25,102069,2023-03-25,2023-03-25,V,100,True
102071_2024-10-14,102071,2024-10-14,2024-10-14,V,101,True
102072_2025-03-11,102072,2025-03-11,2025-03-11,V,101,True
102075_2023-03-20,102075,2023-03-20,2023-03-20,V,202,True
102076_2022-11-04,102076,2022-11-04,2022-11-04,I,201,True
102079_2023-09-05,102079,2023-09-05,2023-09-05,V,101,True
102081_2024-12-15,102081,2024-12-15,2024-12-15,I,201,True
102082_2023-08-22,102082,2023-08-22,2023-08-22,I,200,True
102084_2025-05-05,102084,2025-05-05,2025-05-05,V,101,True
102085_2023-09-25,102085,2023-09-25,2023-09-25,I,201,True
102089_2024-09-24,102089,2024-09-24,2024-09-24,V,101,True
102090_2023-07-12,102090,2023-07-12,2023-07-12,V,100,True
102091_2023-02-18,102091,2023-02-18,2023-02-18,V,202,True
102092_2025-02-28,102092,2025-02-28,2025-02-28,V,100,True
102093_2022-11-29,102093,2022-11-29,2022-11-29,V,103,True
102096_2023-02-04,102096,2023-02-04,2023-02-04,V,100,True
102100_2024-01-29,102100,2024-01-29,2024-01-29,V,101,True
102107_2023-04-18,102107,2023-04-18,2023-04-18,V,100,True
102110_2023-12-30,102110,2023-12-30,2023-12-30,V,101,True
102112_2024-01-07,102112,2024-01-07,2024-01-07,I,200,True
102115_2024-06-11,102115,2024-06-11,2024-06-11,V,101,True
102117_2025-04-30,102117,2025-04-30,2025-04-30,I,205,True
102118_2023-01-09,102118,2023-01-09,2023-01-09,V,100,True
102119_2024-10-11,102119,2024-10-11,2024-10-11,V,100,True
102120_2023-08-02,102120,2023-08-02,2023-08-02,I,205,True
102123_2023-06-27,102123,2023-06-27,2023-06-27,I,201,True
102125_2024-06-23,102125,2024-06-23,2024-06-23,V,102,True
102132_2024-04-02,102132,2024-04-02,2024-04-02,V,102,True
102134_2024-03-16,102134,2024-03-16,2024-03-16,V,202,True
102135_2023-05-20,102135,2023-05-20,2023-05-20,I,201,True
102138_2024-02-20,102138,2024-02-20,2024-02-20,V,100,True
102140_2023-10-28,102140,2023-10-28,2023-10-28,V,101,True
102141_2023-11-26,102141,2023-11-26,2023-11-26,V,100,True
102144_2024-12-05,102144,2024-12-05,2024-12-05,I,210,True
102147_2023-12-12,102147,2023-12-12,2023-12-12,V,100,True
102148_2024-02-19,102148,2024-02-19,2024-02-19,V,102,True
102149_2025-07-25,102149,2025-07-25,2025-07-25,I,205,True
102151_2023-10-08,102151,2023-10-08,2023-10-08,I,201,True
102152_2024-07-27,102152,2024-07-27,2024-07-27,V,202,True
102153_2025-03-08,102153,2025-03-08,2025-03-08,V,100,True
102159_2023-10-23,102159,2023-10-23,2023-10-23,V,202,True
102160_2023-10-15,102160,2023-10-15,2023-10-15,V,103,True
102167_2023-07-04,102167,2023-07-04,2023-07-04,V,102,True
102170_2025-05-27,102170,2025-05-27,2025-05-27,V,100,True
102171_2024-10-17,102171,2024-10-17,2024-10-17,V,100,True
102173_2023-09-19,102173,2023-09-19,2023-09-19,V,100,True
102174_2023-10-14,102174,2023-10-14,2023-10-14,V,100,True
102175_2025-08-16,102175,2025-08-16,2025-08-16,V,202,True
102176_2024-11-20,102176,2024-11-20,2024-11-20,V,103,True
102184_2023-11-18,102184,2023-11-18,2023-11-18,V,202,True
102186_2024-02-14,102186,2024-02-14,2024-02-14,V,100,True
102188_2023-10-22,102188,2023-10-22,2023-10-22,V,102,True
102189_2023-02-22,102189,2023-02-22,2023-02-22,V,100,True
102190_2023-03-31,102190,2023-03-31,2023-03-31,V,202,True
102192_2025-02-04,102192,2025-02-04,2025-02-04,V,100,True
102199_2025-10-05,102199,2025-10-05,2025-10-05,V,100,True
102200_2023-07-03,102200,2023-07-03,2023-07-03,V,100,True
102202_2023-09-16,102202,2023-09-16,2023-09-16,V,101,True
102203_2025-06-18,102203,2025-06-18,2025-06-18,V,102,True
102206_2023-10-17,102206,2023-10-17,2023-10-17,V,202,True
102207_2024-01-07,102207,2024-01-07,2024-01-07,V,100,True
102209_2024-03-13,102209,2024-03-13,2024-03-13,I,200,True
102211_2023-08-13,102211,2023-08-13,2023-08-13,V,101,True
102221_2025-03-08,102221,2025-03-08,2025-03-08,V,202,True
102223_2024-04-25,102223,2024-04-25,2024-04-25,I,210,True
102227_2024-09-05,102227,2024-09-05,2024-09-05,V,101,True
102229_2023-09-24,102229,2023-09-24,2023-09-24,V,100,True
102230_2023-08-20,102230,2023-08-20,2023-08-20,I,205,True
102231_2025-06-03,102231,2025-06-03,2025-06-03,I,200,True
102232_2023-12-03,102232,2023-12-03,2023-12-03,V,202,True
102236_2025-10-31,102236,2025-10-31,2025-10-31,V,100,True
102238_2024-02-14,102238,2024-02-14,2024-02-14,I,206,True
102239_2025-04-11,102239,2025-04-11,2025-04-11,V,100,True
102246_2023-11-26,102246,2023-11-26,2023-11-26,I,210,True
102247_2024-08-03,102247,2024-08-03,2024-08-03,V,100,True
102249_2024-02-26,102249,2024-02-26,2024-02-26,V,103,True
102250_2026-01-06,102250,2026-01-06,2026-01-06,I,201,True
102255_2024-01-03,102255,2024-01-03,2024-01-03,V,100,True
102258_2024-04-20,102258,2024-04-20,2024-04-20,V,101,True
102261_2024-03-07,102261,2024-03-07,2024-03-07,I,200,True
102263_2025-08-10,102263,2025-08-10,2025-08-10,V,100,True
102264_2025-01-29,102264,2025-01-29,2025-01-29,V,102,True
102269_2023-07-09,102269,2023-07-09,2023-07-09,I,201,True
102272_2026-01-03,102272,2026-01-03,2026-01-03,V,100,True
102277_2024-08-30,102277,2024-08-30,2024-08-30,I,205,True
102282_2025-09-18,102282,2025-09-18,2025-09-18,V,202,True
102287_2024-09-13,102287,2024-09-13,2024-09-13,I,207,True
102288_2024-01-12,102288,2024-01-12,2024-01-12,V,202,True
102291_2023-06-07,102291,2023-06-07,2023-06-07,V,100,True
102292_2023-06-17,102292,2023-06-17,2023-06-17,V,202,True
102293_2023-05-13,102293,2023-05-13,2023-05-13,V,102,True
102294_2025-07-20,102294,2025-07-20,2025-07-20,I,205,True
102295_2024-06-28,102295,2024-06-28,2024-06-28,V,202,True
102296_2024-09-28,102296,2024-09-28,2024-09-28,I,201,True
102301_2023-11-06,102301,2023-11-06,2023-11-06,I,205,True
102303_2024-02-25,102303,2024-02-25,2024-02-25,V,103,True
102307_2023-09-02,102307,2023-09-02,2023-09-02,V,103,True
102310_2024-01-19,102310,2024-01-19,2024-01-19,V,202,True
102312_2024-02-24,102312,2024-02-24,2024-02-24,V,100,True
102313_2024-12-09,102313,2024-12-09,2024-12-09,V,101,True
102317_2024-03-18,102317,2024-03-18,2024-03-18,V,101,True
102318_2024-06-06,102318,2024-06-06,2024-06-06,V,100,True
102320_2023-07-01,102320,2023-07-01,2023-07-01,I,200,True
102322_2024-07-29,102322,2024-07-29,2024-07-29,V,101,True
102323_2025-01-10,102323,2025-01-10,2025-01-10,I,206,True
102325_2023-12-19,102325,2023-12-19,2023-12-19,V,202,True
102326_2025-05-26,102326,2025-05-26,2025-05-26,V,101,True
102327_2024-05-04,102327,2024-05-04,2024-05-04,V,103,True
102329_2025-04-01,102329,2025-04-01,2025-04-01,V,100,True
102330_2024-02-16,102330,2024-02-16,2024-02-16,V,100,True
102331_2024-05-20,102331,2024-05-20,2024-05-20,V,101,True
102333_2024-05-29,102333,2024-05-29,2024-05-29,V,102,True
102335_2025-07-21,102335,2025-07-21,2025-07-21,V,100,True
102337_2023-08-28,102337,2023-08-28,2023-08-28,I,201,True
102339_2023-05-23,102339,2023-05-23,2023-05-23,I,201,True
102341_2023-06-03,102341,2023-06-03,2023-06-03,V,100,True
102343_2024-03-15,102343,2024-03-15,2024-03-15,V,102,True
102344_2025-10-17,102344,2025-10-17,2025-10-17,I,201,True
102350_2024-11-24,102350,2024-11-24,2024-11-24,V,100,True
102351_2024-01-30,102351,2024-01-30,2024-01-30,V,100,True
102352_2024-06-01,102352,2024-06-01,2024-06-01,V,202,True
102353_2024-10-18,102353,2024-10-18,2024-10-18,V,100,True
102354_2023-07-17,102354,2023-07-17,2023-07-17,V,101,True
102363_2023-09-24,102363,2023-09-24,2023-09-24,V,101,True
102365_2024-09-22,102365,2024-09-22,2024-09-22,V,100,True
102366_2024-01-28,102366,2024-01-28,2024-01-28,V,100,True
102367_2025-03-22,102367,2025-03-22,2025-03-22,V,102,True
102369_2024-04-12,102369,2024-04-12,2024-04-12,I,201,True
102373_2023-10-07,102373,2023-10-07,2023-10-07,I,200,True
102374_2024-07-08,102374,2024-07-08,2024-07-08,V,100,True
102379_2024-03-02,102379,2024-03-02,2024-03-02,I,200,True
102380_2023-10-23,102380,2023-10-23,2023-10-23,I,200,True
102382_2023-10-06,102382,2023-10-06,2023-10-06,V,100,True
102383_2023-08-05,102383,2023-08-05,2023-08-05,I,201,True
102384_2025-04-04,102384,2025-04-04,2025-04-04,I,205,True
102387_2023-08-17,102387,2023-08-17,2023-08-17,V,202,True
102388_2025-08-14,102388,2025-08-14,2025-08-14,V,103,True
102390_2025-04-12,102390,2025-04-12,2025-04-12,I,207,True
102396_2024-05-03,102396,2024-05-03,2024-05-03,I,207,True
102398_2023-12-25,102398,2023-12-25,2023-12-25,V,102,True
102402_2023-09-04,102402,2023-09-04,2023-09-04,V,102,True
102403_2023-12-03,102403,2023-12-03,2023-12-03,V,102,True
102407_2024-05-31,102407,2024-05-31,2024-05-31,I,200,True
102408_2024-01-19,102408,2024-01-19,2024-01-19,V,101,True
102409_2024-01-30,102409,2024-01-30,2024-01-30,I,205,True
102411_2025-10-24,102411,2025-10-24,2025-10-24,V,100,True
102414_2025-12-31,102414,2025-12-31,2025-12-31,I,205,True
102418_2023-10-29,102418,2023-10-29,2023-10-29,V,100,True
102419_2023-10-19,102419,2023-10-19,2023-10-19,I,207,True
102421_2023-09-10,102421,2023-09-10,2023-09-10,V,100,True
102425_2023-12-05,102425,2023-12-05,2023-12-05,I,206,True
102427_2025-11-06,102427,2025-11-06,2025-11-06,I,207,True
102428_2024-01-30,102428,2024-01-30,2024-01-30,V,100,True
102430_2023-11-27,102430,2023-11-27,2023-11-27,V,100,True
102433_2023-10-13,102433,2023-10-13,2023-10-13,I,210,True
102434_2023-07-14,102434,2023-07-14,2023-07-14,V,202,True
102437_2025-08-13,102437,2025-08-13,2025-08-13,V,100,True
102439_2025-10-28,102439,2025-10-28,2025-10-28,I,200,True
102442_2025-04-10,102442,2025-04-10,2025-04-10,V,202,True
102446_2023-11-13,102446,2023-11-13,2023-11-13,V,100,True
102447_2025-09-19,102447,2025-09-19,2025-09-19,I,206,True
102448_2024-01-16,102448,2024-01-16,2024-01-16,V,100,True
102450_2024-10-27,102450,2024-10-27,2024-10-27,V,100,True
102453_2024-07-02,102453,2024-07-02,2024-07-02,V,103,True
102456_2023-12-27,102456,2023-12-27,2023-12-27,V,103,True
102458_2024-03-14,102458,2024-03-14,2024-03-14,V,101,True
102459_2024-08-11,102459,2024-08-11,2024-08-11,I,206,True
102462_2024-09-28,102462,2024-09-28,2024-09-28,V,100,True
102463_2025-02-20,102463,2025-02-20,2025-02-20,I,200,True
102464_2024-04-04,102464,2024-04-04,2024-04-04,V,103,True
102470_2024-03-24,102470,2024-03-24,2024-03-24,V,100,True
102471_2023-10-30,102471,2023-10-30,2023-10-30,V,202,True
102473_2023-09-06,102473,2023-09-06,2023-09-06,V,100,True
102474_2023-10-16,102474,2023-10-16,2023-10-16,I,205,True
102475_2024-02-27,102475,2024-02-27,2024-02-27,V,100,True
102477_2024-08-02,102477,2024-08-02,2024-08-02,I,200,True
102478_2023-10-06,102478,2023-10-06,2023-10-06,V,101,True
102482_2025-12-06,102482,2025-12-06,2025-12-06,V,102,True
102484_2025-01-28,102484,2025-01-28,2025-01-28,I,207,True
102486_2024-10-25,102486,2024-10-25,2024-10-25,V,100,True
102490_2025-04-15,102490,2025-04-15,2025-04-15,V,100,True
102493_2024-09-17,102493,2024-09-17,2024-09-17,I,201,True
102495_2024-06-26,102495,2024-06-26,2024-06-26,V,101,True
102496_2024-06-27,102496,2024-06-27,2024-06-27,V,100,True
102497_2024-04-16,102497,2024-04-16,2024-04-16,I,207,True
102503_2024-03-04,102503,2024-03-04,2024-03-04,I,205,True
102504_2025-06-11,102504,2025-06-11,2025-06-11,V,102,True
102507_2025-10-22,102507,2025-10-22,2025-10-22,I,207,True
102509_2024-10-03,102509,2024-10-03,2024-10-03,V,100,True
102513_2025-04-21,102513,2025-04-21,2025-04-21,V,100,True
102517_2025-02-23,102517,2025-02-23,2025-02-23,V,101,True
102520_2025-11-10,102520,2025-11-10,2025-11-10,V,100,True
102523_2023-12-15,102523,2023-12-15,2023-12-15,V,100,True
102526_2025-04-30,102526,2025-04-30,2025-04-30,V,100,True
102527_2023-11-21,102527,2023-11-21,2023-11-21,V,102,True
102531_2023-12-10,102531,2023-12-10,2023-12-10,V,100,True
102533_2024-01-11,102533,2024-01-11,2024-01-11,I,200,True
102534_2023-11-15,102534,2023-11-15,2023-11-15,V,102,True
102535_2024-09-19,102535,2024-09-19,2024-09-19,V,100,True
102543_2023-11-01,102543,2023-11-01,2023-11-01,V,202,True
102545_2025-03-01,102545,2025-03-01,2025-03-01,V,103,True
102551_2023-12-14,102551,2023-12-14,2023-12-14,V,100,True
102552_2023-11-19,102552,2023-11-19,2023-11-19,V,100,True
102553_2023-12-15,102553,2023-12-15,2023-12-15,V,100,True
102555_2024-10-02,102555,2024-10-02,2024-10-02,V,100,True
102558_2024-11-05,102558,2024-11-05,2024-11-05,I,200,True
102559_2025-10-18,102559,2025-10-18,2025-10-18,V,100,True
102561_2025-05-20,102561,2025-05-20,2025-05-20,I,207,True
102566_2023-11-19,102566,2023-11-19,2023-11-19,V,102,True
102567_2024-07-29,102567,2024-07-29,2024-07-29,I,207,True
102568_2025-01-25,102568,2025-01-25,2025-01-25,V,100,True
102569_2023-12-15,102569,2023-12-15,2023-12-15,V,100,True
102570_2024-10-12,102570,2024-10-12,2024-10-12,V,100,True
102572_2025-09-06,102572,2025-09-06,2025-09-06,V,101,True
102573_2025-05-07,102573,2025-05-07,2025-05-07,V,102,True
102574_2026-01-22,102574,2026-01-22,2026-01-22,I,205,True
102577_2025-01-21,102577,2025-01-21,2025-01-21,V,100,True
102582_2024-09-20,102582,2024-09-20,2024-09-20,V,100,True
102584_2024-09-29,102584,2024-09-29,2024-09-29,V,100,True
102587_2024-07-09,102587,2024-07-09,2024-07-09,V,100,True
102592_2024-03-13,102592,2024-03-13,2024-03-13,I,205,True
102593_2024-08-30,102593,2024-08-30,2024-08-30,I,207,True
102595_2024-02-14,102595,2024-02-14,2024-02-14,V,101,True
102604_2024-10-29,102604,2024-10-29,2024-10-29,V,100,True
102608_2025-12-21,102608,2025-12-21,2025-12-21,V,101,True
102609_2024-12-17,102609,2024-12-17,2024-12-17,V,101,True
102613_2024-06-07,102613,2024-06-07,2024-06-07,V,103,True
102616_2024-03-23,102616,2024-03-23,2024-03-23,I,206,True
102619_2024-09-18,102619,2024-09-18,2024-09-18,V,100,True
102621_2024-08-11,102621,2024-08-11,2024-08-11,V,102,True
102622_2024-02-15,102622,2024-02-15,2024-02-15,V,100,True
102625_2024-04-28,102625,2024-04-28,2024-04-28,V,101,True
102627_2024-06-17,102627,2024-06-17,2024-06-17,V,202,True
102630_2024-10-18,102630,2024-10-18,2024-10-18,V,101,True
102631_2024-02-02,102631,2024-02-02,2024-02-02,I,205,True
102634_2025-10-08,102634,2025-10-08,2025-10-08,I,205,True
102639_2024-09-01,102639,2024-09-01,2024-09-01,V,100,True
102641_2024-07-10,102641,2024-07-10,2024-07-10,I,200,True
102643_2024-09-15,102643,2024-09-15,2024-09-15,I,205,True
102646_2025-03-17,102646,2025-03-17,2025-03-17,V,101,True
102647_2024-04-16,102647,2024-04-16,2024-04-16,I,207,True
102649_2024-11-24,102649,2024-11-24,2024-11-24,V,101,True
102650_2024-11-19,102650,2024-11-19,2024-11-19,I,200,True
102652_2024-05-08,102652,2024-05-08,2024-05-08,V,102,True
102658_2025-02-17,102658,2025-02-17,2025-02-17,V,103,True
102662_2025-02-22,102662,2025-02-22,2025-02-22,V,100,True
102665_2025-07-01,102665,2025-07-01,2025-07-01,I,205,True
102667_2025-03-10,102667,2025-03-10,2025-03-10,V,100,True
102668_2024-02-27,102668,2024-02-27,2024-02-27,V,103,True
102671_2025-10-02,102671,2025-10-02,2025-10-02,V,100,True
102674_2024-02-27,102674,2024-02-27,2024-02-27,I,207,True
102675_2026-01-16,102675,2026-01-16,2026-01-16,I,206,True
102676_2025-04-05,102676,2025-04-05,2025-04-05,V,202,True
102677_2025-12-05,102677,2025-12-05,2025-12-05,V,101,True
102683_2024-06-10,102683,2024-06-10,2024-06-10,V,202,True
102684_2026-01-23,102684,2026-01-23,2026-01-23,I,201,True
102687_2024-11-13,102687,2024-11-13,2024-11-13,V,102,True
102688_2024-07-29,102688,2024-07-29,2024-07-29,I,201,True
102691_2025-09-25,102691,2025-09-25,2025-09-25,I,207,True
102692_2025-03-25,102692,2025-03-25,2025-03-25,V,102,True
102696_2024-05-17,102696,2024-05-17,2024-05-17,I,201,True
102697_2026-01-22,102697,2026-01-22,2026-01-22,V,100,True
102701_2025-06-14,102701,2025-06-14,2025-06-14,V,100,True
102702_2024-04-24,102702,2024-04-24,2024-04-24,I,201,True
102703_2025-01-14,102703,2025-01-14,2025-01-14,V,102,True
102706_2025-02-06,102706,2025-02-06,2025-02-06,I,205,True
102709_2024-10-31,102709,2024-10-31,2024-10-31,I,207,True
102712_2024-05-03,102712,2024-05-03,2024-05-03,V,101,True
102713_2025-01-19,102713,2025-01-19,2025-01-19,V,102,True
102714_2024-05-05,102714,2024-05-05,2024-05-05,V,101,True
102721_2024-06-20,102721,2024-06-20,2024-06-20,V,101,True
102725_2025-11-10,102725,2025-11-10,2025-11-10,V,100,True
102729_2024-10-16,102729,2024-10-16,2024-10-16,I,201,True
102734_2025-05-14,102734,2025-05-14,2025-05-14,V,100,True
102737_2025-06-24,102737,2025-06-24,2025-06-24,V,100,True
102738_2025-06-19,102738,2025-06-19,2025-06-19,V,100,True
102739_2025-02-19,102739,2025-02-19,2025-02-19,I,207,True
102741_2025-04-19,102741,2025-04-19,2025-04-19,V,101,True
102745_2025-02-20,102745,2025-02-20,2025-02-20,V,102,True
102747_2025-01-04,102747,2025-01-04,2025-01-04,V,100,True
102749_2024-12-30,102749,2024-12-30,2024-12-30,V,100,True
102750_2024-06-30,102750,2024-06-30,2024-06-30,V,103,True
102755_2024-06-16,102755,2024-06-16,2024-06-16,V,100,True
102758_2024-06-10,102758,2024-06-10,2024-06-10,I,205,True
102759_2025-01-30,102759,2025-01-30,2025-01-30,V,101,True
102764_2025-04-24,102764,2025-04-24,2025-04-24,V,202,True
102765_2025-01-10,102765,2025-01-10,2025-01-10,I,201,True
102769_2024-07-29,102769,2024-07-29,2024-07-29,V,101,True
102770_2024-06-10,102770,2024-06-10,2024-06-10,V,101,True
102771_2026-01-16,102771,2026-01-16,2026-01-16,V,100,True
102772_2025-09-13,102772,2025-09-13,2025-09-13,V,100,True
102774_2024-11-15,102774,2024-11-15,2024-11-15,V,202,True
102775_2024-06-22,102775,2024-06-22,2024-06-22,I,206,True
102776_2025-08-29,102776,2025-08-29,2025-08-29,V,202,True
102780_2025-05-27,102780,2025-05-27,2025-05-27,V,101,True
102783_2025-04-30,102783,2025-04-30,2025-04-30,I,200,True
102787_2024-10-18,102787,2024-10-18,2024-10-18,V,100,True
102791_2024-06-30,102791,2024-06-30,2024-06-30,V,100,True
102793_2025-03-29,102793,2025-03-29,2025-03-29,V,101,True
102794_2025-03-31,102794,2025-03-31,2025-03-31,V,101,True
102796_2025-08-15,102796,2025-08-15,2025-08-15,V,101,True
102797_2025-06-05,102797,2025-06-05,2025-06-05,I,205,True
102799_2024-12-05,102799,2024-12-05,2024-12-05,V,202,True
102801_2024-05-21,102801,2024-05-21,2024-05-21,V,100,True
102802_2024-11-10,102802,2024-11-10,2024-11-10,V,100,True
102807_2024-08-04,102807,2024-08-04,2024-08-04,I,201,True
102815_2024-10-14,102815,2024-10-14,2024-10-14,V,100,True
102816_2025-07-03,102816,2025-07-03,2025-07-03,V,102,True
102818_2025-09-14,102818,2025-09-14,2025-09-14,V,102,True
102820_2024-07-05,102820,2024-07-05,2024-07-05,V,100,True
102821_2024-11-04,102821,2024-11-04,2024-11-04,I,205,True
102822_2024-06-15,102822,2024-06-15,2024-06-15,V,100,True
102823_2024-09-26,102823,2024-09-26,2024-09-26,V,100,True
102824_2025-01-18,102824,2025-01-18,2025-01-18,I,201,True
102825_2024-12-15,102825,2024-12-15,2024-12-15,V,202,True
102827_2025-11-05,102827,2025-11-05,2025-11-05,V,100,True
102829_2025-04-20,102829,2025-04-20,2025-04-20,V,100,True
102832_2025-07-31,102832,2025-07-31,2025-07-31,V,101,True
102833_2024-08-15,102833,2024-08-15,2024-08-15,V,101,True
102834_2024-12-21,102834,2024-12-21,2024-12-21,V,100,True
102835_2024-10-06,102835,2024-10-06,2024-10-06,V,100,True
102838_2024-08-16,102838,2024-08-16,2024-08-16,I,201,True
102840_2025-06-30,102840,2025-06-30,2025-06-30,I,206,True
102846_2024-09-11,102846,2024-09-11,2024-09-11,V,101,True
102847_2024-12-04,102847,2024-12-04,2024-12-04,V,101,True
102852_2025-07-10,102852,2025-07-10,2025-07-10,I,200,True
102853_2025-03-14,102853,2025-03-14,2025-03-14,I,205,True
102857_2026-01-02,102857,2026-01-02,2026-01-02,V,101,True
102862_2024-09-19,102862,2024-09-19,2024-09-19,I,210,True
102864_2025-07-11,102864,2025-07-11,2025-07-11,V,100,True
102866_2024-09-13,102866,2024-09-13,2024-09-13,I,207,True
102868_2025-08-16,102868,2025-08-16,2025-08-16,V,103,True
102878_2024-09-03,102878,2024-09-03,2024-09-03,I,200,True
102881_2025-06-07,102881,2025-06-07,2025-06-07,V,100,True
102885_2025-01-20,102885,2025-01-20,2025-01-20,V,103,True
102888_2025-04-19,102888,2025-04-19,2025-04-19,V,101,True
102889_2025-01-25,102889,2025-01-25,2025-01-25,V,202,True
102892_2025-03-11,102892,2025-03-11,2025-03-11,V,102,True
102894_2025-04-15,102894,2025-04-15,2025-04-15,V,100,True
102895_2025-10-10,102895,2025-10-10,2025-10-10,V,102,True
102902_2024-09-24,102902,2024-09-24,2024-09-24,I,200,True
102906_2024-10-13,102906,2024-10-13,2024-10-13,I,205,True
102907_2025-03-27,102907,2025-03-27,2025-03-27,V,101,True
102909_2024-12-06,102909,2024-12-06,2024-12-06,V,102,True
102910_2024-09-30,102910,2024-09-30,2024-09-30,V,100,True
102914_2024-10-10,102914,2024-10-10,2024-10-10,V,100,True
102917_2024-09-21,102917,2024-09-21,2024-09-21,V,101,True
102922_2025-05-23,102922,2025-05-23,2025-05-23,V,101,True
102930_2024-11-26,102930,2024-11-26,2024-11-26,V,100,True
102933_2025-06-05,102933,2025-06-05,2025-06-05,I,200,True
102936_2025-03-03,102936,2025-03-03,2025-03-03,V,103,True
102937_2025-01-03,102937,2025-01-03,2025-01-03,I,205,True
102938_2025-12-28,102938,2025-12-28,2025-12-28,I,201,True
102940_2025-04-15,102940,2025-04-15,2025-04-15,V,100,True
102942_2024-12-12,102942,2024-12-12,2024-12-12,I,201,True
102944_2024-12-23,102944,2024-12-23,2024-12-23,I,201,True
102954_2025-09-27,102954,2025-09-27,2025-09-27,V,101,True
102958_2025-11-09,102958,2025-11-09,2025-11-09,V,103,True
102964_2024-09-29,102964,2024-09-29,2024-09-29,I,200,True
102965_2025-10-23,102965,2025-10-23,2025-10-23,V,100,True
102969_2025-04-19,102969,2025-04-19,2025-04-19,V,102,True
102970_2025-07-23,102970,2025-07-23,2025-07-23,V,100,True
102975_2025-05-24,102975,2025-05-24,2025-05-24,V,101,True
102976_2025-08-23,102976,2025-08-23,2025-08-23,V,202,True
102984_2025-11-17,102984,2025-11-17,2025-11-17,V,100,True
102986_2025-07-02,102986,2025-07-02,2025-07-02,I,207,True
102988_2025-10-10,102988,2025-10-10,2025-10-10,V,101,True
102997_2025-01-06,102997,2025-01-06,2025-01-06,I,201,True
